symbol,slot,era,art_era,name,file,score,flag,paths,gradients,colors,density
topBoss2B,bosses,reloaded,reloaded,,bosses/topBoss2B.png,0.004,outdated,1,0,1,2.0
legBoss1,bosses,reloaded,reloaded,,bosses/legBoss1.png,0.04,outdated,2,0,1,4.0
legBoss3B,bosses,reloaded,reloaded,,bosses/legBoss3B.png,0.076,outdated,13,2,13,4.18
torsoBoss5B,bosses,reloaded,reloaded,,bosses/torsoBoss5B.png,0.138,outdated,27,5,24,1.96
legBoss3A,bosses,reloaded,reloaded,,bosses/legBoss3A.png,0.156,outdated,16,4,16,5.15
legBoss3C,bosses,reloaded,reloaded,,bosses/legBoss3C.png,0.156,outdated,16,4,16,5.15
torsoBoss5A,bosses,reloaded,reloaded,,bosses/torsoBoss5A.png,0.205,outdated,33,7,27,2.4
torsoBoss5C,bosses,reloaded,reloaded,,bosses/torsoBoss5C.png,0.205,outdated,33,7,27,2.4
torsoBoss6B,bosses,reloaded,reloaded,,bosses/torsoBoss6B.png,0.219,outdated,36,22,20,4.36
sideBoss3A,bosses,reloaded,reloaded,,bosses/sideBoss3A.png,0.246,outdated,36,20,24,4.2
legBoss6B,bosses,reloaded,reloaded,,bosses/legBoss6B.png,0.286,borderline,34,26,18,5.18
sideBoss3B,bosses,reloaded,reloaded,,bosses/sideBoss3B.png,0.308,borderline,38,22,25,4.44
topBoss1B,bosses,reloaded,reloaded,,bosses/topBoss1B.png,0.308,borderline,29,9,12,21.47
topBoss1A,bosses,reloaded,reloaded,,bosses/topBoss1A.png,0.33,borderline,32,11,15,23.69
topBoss1C,bosses,reloaded,reloaded,,bosses/topBoss1C.png,0.33,borderline,32,11,15,23.69
sideBoss3C,bosses,reloaded,reloaded,,bosses/sideBoss3C.png,0.371,borderline,40,24,27,4.67
legBoss2B_front,bosses,reloaded,reloaded,,bosses/legBoss2B_front.png,0.397,borderline,75,62,19,4.07
legBoss6A,bosses,reloaded,reloaded,,bosses/legBoss6A.png,0.402,borderline,38,29,20,5.79
legBoss6C,bosses,reloaded,reloaded,,bosses/legBoss6C.png,0.402,borderline,38,29,20,5.79
legBoss4B,bosses,reloaded,reloaded,,bosses/legBoss4B.png,0.415,borderline,37,26,22,7.02
torsoBoss6A,bosses,reloaded,reloaded,,bosses/torsoBoss6A.png,0.42,borderline,44,28,23,5.33
torsoBoss6C,bosses,reloaded,reloaded,,bosses/torsoBoss6C.png,0.42,borderline,44,28,23,5.33
legBoss2B_back,bosses,reloaded,reloaded,,bosses/legBoss2B_back.png,0.429,borderline,76,63,19,4.4
sideBoss5A,bosses,reloaded,reloaded,,bosses/sideBoss5A.png,0.433,borderline,40,25,31,5.26
sideBoss5B,bosses,reloaded,reloaded,,bosses/sideBoss5B.png,0.469,ok,41,25,31,5.39
sideBoss5C,bosses,reloaded,reloaded,,bosses/sideBoss5C.png,0.469,ok,41,25,31,5.39
sideBoss1B,bosses,reloaded,reloaded,,bosses/sideBoss1B.png,0.478,ok,78,48,26,3.8
legBoss2C_front,bosses,reloaded,reloaded,,bosses/legBoss2C_front.png,0.491,ok,82,67,23,4.44
legBoss2A_front,bosses,reloaded,reloaded,,bosses/legBoss2A_front.png,0.513,ok,82,67,24,4.44
legBoss2C_back,bosses,reloaded,reloaded,,bosses/legBoss2C_back.png,0.513,ok,82,67,23,4.75
sideBoss2B,bosses,reloaded,reloaded,,bosses/sideBoss2B.png,0.513,ok,46,27,29,5.35
legBoss4A,bosses,reloaded,reloaded,,bosses/legBoss4A.png,0.518,ok,42,30,24,7.96
legBoss4C,bosses,reloaded,reloaded,,bosses/legBoss4C.png,0.518,ok,42,30,24,7.96
legBoss2A_back,bosses,reloaded,reloaded,,bosses/legBoss2A_back.png,0.536,ok,82,67,24,4.75
sideBoss2A,bosses,reloaded,reloaded,,bosses/sideBoss2A.png,0.571,ok,51,30,28,5.93
sideBoss4A,bosses,reloaded,reloaded,,bosses/sideBoss4A.png,0.58,ok,63,23,41,6.46
sideBoss4C,bosses,reloaded,reloaded,,bosses/sideBoss4C.png,0.585,ok,63,23,41,6.48
legBoss5B,bosses,reloaded,reloaded,,bosses/legBoss5B.png,0.594,ok,79,65,19,10.42
sideBoss2C,bosses,reloaded,reloaded,,bosses/sideBoss2C.png,0.607,ok,55,34,31,6.4
sideBoss4B,bosses,reloaded,reloaded,,bosses/sideBoss4B.png,0.612,ok,63,26,38,6.49
torsoBoss3B,bosses,reloaded,reloaded,,bosses/torsoBoss3B.png,0.643,ok,48,32,33,10.23
torsoBoss2B,bosses,reloaded,reloaded,,bosses/torsoBoss2B.png,0.656,ok,119,96,43,2.9
sideBoss1A,bosses,reloaded,reloaded,,bosses/sideBoss1A.png,0.688,ok,108,75,34,5.27
sideBoss1C,bosses,reloaded,reloaded,,bosses/sideBoss1C.png,0.688,ok,108,75,34,5.27
torsoBoss3C,bosses,reloaded,reloaded,,bosses/torsoBoss3C.png,0.701,ok,60,43,43,12.78
torsoBoss2A,bosses,reloaded,reloaded,,bosses/torsoBoss2A.png,0.705,ok,132,108,47,3.22
torsoBoss3A,bosses,reloaded,reloaded,,bosses/torsoBoss3A.png,0.71,ok,60,43,46,12.78
torsoBoss2C,bosses,reloaded,reloaded,,bosses/torsoBoss2C.png,0.714,ok,132,108,50,3.22
torsoBoss1,bosses,reloaded,reloaded,,bosses/torsoBoss1.png,0.723,ok,155,84,48,4.21
legBoss5C,bosses,reloaded,reloaded,,bosses/legBoss5C.png,0.732,ok,115,100,23,15.17
torsoBoss4B,bosses,reloaded,reloaded,,bosses/torsoBoss4B.png,0.75,ok,120,75,54,5.24
torsoBoss1C,bosses,reloaded,reloaded,,bosses/torsoBoss1C.png,0.772,ok,167,94,55,4.54
torsoBoss1A,bosses,reloaded,reloaded,,bosses/torsoBoss1A.png,0.777,ok,167,94,56,4.54
legBoss5A,bosses,reloaded,reloaded,,bosses/legBoss5A.png,0.79,ok,115,100,27,15.17
torsoBoss4A,bosses,reloaded,reloaded,,bosses/torsoBoss4A.png,0.821,ok,128,81,60,5.59
torsoBoss4C,bosses,reloaded,reloaded,,bosses/torsoBoss4C.png,0.821,ok,128,81,60,5.59
charge2,charge_engines,reloaded,reloaded,Charge Mark 2,charge_engines/charge2.png,0.0,outdated,22,9,17,5.5
charge3,charge_engines,reloaded,reloaded,Charge Mark 4,charge_engines/charge3.png,0.25,borderline,26,11,17,6.5
engineBooster1,charge_engines,both,reloaded,,charge_engines/engineBooster1.png,0.25,borderline,21,9,10,40.79
charge1,charge_engines,both,reloaded,Charge Mark 1,charge_engines/charge1.png,0.3,borderline,28,5,12,6.6
engineBooster2,charge_engines,both,reloaded,,charge_engines/engineBooster2.png,0.35,borderline,25,9,10,48.56
engineBooster4,charge_engines,both,reloaded,,charge_engines/engineBooster4.png,0.35,borderline,24,10,10,46.62
charge5,charge_engines,both,reloaded,Charge Mark 6,charge_engines/charge5.png,0.4,borderline,31,7,10,7.31
chargeHighDamage1D,charge_engines,reloaded,reloaded,,charge_engines/chargeHighDamage1D.png,0.4,borderline,24,20,20,6.0
charge2_legacy,charge_engines,legacy,legacy,Charge Mark 2,charge_engines/charge2_legacy.png,0.5,ok,35,6,15,8.25
charge3_legacy,charge_engines,legacy,legacy,Charge Mark 4,charge_engines/charge3_legacy.png,0.5,ok,45,8,15,10.6
charge6,charge_engines,both,reloaded,Charge Mark 8,charge_engines/charge6.png,0.5,ok,36,8,12,8.48
charge4_legacy,charge_engines,legacy,legacy,Charge Mark 3,charge_engines/charge4_legacy.png,0.55,ok,55,10,15,12.96
engineBooster3,charge_engines,both,reloaded,,charge_engines/engineBooster3.png,0.55,ok,32,10,10,62.16
engineBooster5,charge_engines,both,reloaded,,charge_engines/engineBooster5.png,0.55,ok,30,12,10,58.27
charge4,charge_engines,reloaded,reloaded,Charge Mark 3,charge_engines/charge4.png,0.6,ok,31,14,18,7.75
charge7,charge_engines,both,reloaded,Charge Mark 9,charge_engines/charge7.png,0.6,ok,51,13,15,12.02
charge8,charge_engines,both,reloaded,Fire Tail Mark I,charge_engines/charge8.png,0.6,ok,55,13,15,12.96
engineBooster6,charge_engines,both,reloaded,,charge_engines/engineBooster6.png,0.6,ok,34,12,10,66.04
engineBooster7,charge_engines,both,reloaded,,charge_engines/engineBooster7.png,0.6,ok,35,14,11,67.99
chargeHighDamage1E,charge_engines,reloaded,reloaded,,charge_engines/chargeHighDamage1E.png,0.65,ok,28,24,20,7.0
engineBooster8,charge_engines,both,reloaded,,charge_engines/engineBooster8.png,0.65,ok,49,16,11,95.18
engineBooster9,charge_engines,both,reloaded,,charge_engines/engineBooster9.png,0.7,ok,73,24,11,141.8
drone19A,drones,both,reloaded,Red Eye,drones/drone19A.png,0.0,outdated,7,3,6,11.33
drone19B,drones,both,reloaded,Blue Eye,drones/drone19B.png,0.0,outdated,7,3,6,11.33
drone5B,drones,both,reloaded,Flying Canon,drones/drone5B.png,0.0,outdated,12,1,10,14.03
drone26A,drones,both,reloaded,Kinetic pointer,drones/drone26A.png,0.003,outdated,12,4,10,13.66
drone33,drones,both,reloaded,Antares,drones/drone33.png,0.019,outdated,12,4,9,16.76
drone5A,drones,both,reloaded,Firebee,drones/drone5A.png,0.019,outdated,12,1,11,16.55
drone29,drones,both,reloaded,Parasite,drones/drone29.png,0.022,outdated,14,5,8,16.59
drone18,drones,both,reloaded,Flash,drones/drone18.png,0.028,outdated,12,0,11,20.06
drone15A,drones,both,reloaded,Flying launcher,drones/drone15A.png,0.036,outdated,13,1,11,26.0
drone15B,drones,both,reloaded,Flying Blaster,drones/drone15B.png,0.036,outdated,13,1,11,26.0
drone24,drones,both,reloaded,Red Angel,drones/drone24.png,0.036,outdated,14,10,7,14.36
drone28,drones,both,reloaded,Cylon,drones/drone28.png,0.042,outdated,15,8,9,17.59
drone4A,drones,both,reloaded,Elector,drones/drone4A.png,0.042,outdated,14,8,9,17.4
drone4B,drones,both,reloaded,Heatseeker,drones/drone4B.png,0.042,outdated,14,8,10,17.4
drone26C,drones,both,reloaded,Laser pointer,drones/drone26C.png,0.05,outdated,15,5,12,17.07
droneHighDamage3D,drones,reloaded,reloaded,,drones/droneHighDamage3D.png,0.05,outdated,16,7,12,18.97
droneHighDamage3E,drones,reloaded,reloaded,,drones/droneHighDamage3E.png,0.05,outdated,17,8,11,16.75
drone20,drones,both,reloaded,Canary,drones/drone20.png,0.053,outdated,15,6,12,19.14
superDroneBasic1E,drones,reloaded,reloaded,,drones/superDroneBasic1E.png,0.067,outdated,19,7,12,16.35
droneHighDamage3C,drones,reloaded,reloaded,,drones/droneHighDamage3C.png,0.075,outdated,17,8,12,24.34
droneBasic2B,drones,reloaded,reloaded,,drones/droneBasic2B.png,0.078,outdated,16,13,10,15.9
drone2,drones,both,reloaded,One Eyed Doom,drones/drone2.png,0.081,outdated,14,6,12,28.0
drone26B,drones,both,reloaded,Electric pointer,drones/drone26B.png,0.081,outdated,15,5,13,17.07
drone27A,drones,both,reloaded,Triple kinetic pointer,drones/drone27A.png,0.083,outdated,16,12,7,19.7
drone6B,drones,both,reloaded,Red Snow,drones/drone6B.png,0.083,outdated,16,5,14,24.15
droneBasic3B,drones,reloaded,reloaded,,drones/droneBasic3B.png,0.083,outdated,16,13,11,15.9
drone31A,drones,both,reloaded,Red cruiser,drones/drone31A.png,0.089,outdated,17,6,13,17.8
drone6A,drones,both,reloaded,Blue Snow,drones/drone6A.png,0.092,outdated,16,5,15,24.15
drone25,drones,both,reloaded,Flipmix,drones/drone25.png,0.094,outdated,19,8,12,22.29
superDroneBasic2E,drones,reloaded,reloaded,,drones/superDroneBasic2E.png,0.097,outdated,18,8,14,15.49
drone32A,drones,both,reloaded,One shot one kill,drones/drone32A.png,0.108,outdated,20,10,10,26.45
drone32B,drones,both,reloaded,Death from above,drones/drone32B.png,0.114,outdated,21,11,10,24.4
drone30,drones,both,reloaded,Evil twin,drones/drone30.png,0.117,outdated,22,11,10,24.19
superDroneBasic3E,drones,reloaded,reloaded,,drones/superDroneBasic3E.png,0.119,outdated,19,7,16,16.35
superDroneBasic2D,drones,reloaded,reloaded,,drones/superDroneBasic2D.png,0.133,outdated,21,12,11,26.3
droneBasic1B,drones,reloaded,reloaded,,drones/droneBasic1B.png,0.139,outdated,17,14,11,16.89
droneBasic2A,drones,reloaded,reloaded,,drones/droneBasic2A.png,0.153,outdated,17,14,10,26.93
drone31B,drones,both,reloaded,Blue cruiser,drones/drone31B.png,0.156,outdated,21,9,15,21.98
droneBasic3A,drones,reloaded,reloaded,,drones/droneBasic3A.png,0.158,outdated,17,14,11,26.93
drone11,drones,both,reloaded,Nar Whale,drones/drone11.png,0.161,outdated,17,8,12,34.0
droneRangedB2C,drones,reloaded,reloaded,,drones/droneRangedB2C.png,0.167,outdated,21,7,16,27.93
superDroneBasic1D,drones,reloaded,reloaded,,drones/superDroneBasic1D.png,0.167,outdated,22,12,12,27.55
drone34,drones,both,reloaded,Evil Spark,drones/drone34.png,0.175,outdated,21,13,12,26.98
droneDamageSelf1C,drones,reloaded,reloaded,,drones/droneDamageSelf1C.png,0.181,outdated,19,3,18,29.8
superDroneBasic3D,drones,reloaded,reloaded,,drones/superDroneBasic3D.png,0.181,outdated,22,13,12,27.55
drone37B,drones,both,reloaded,Repair Drone Mark II,drones/drone37B.png,0.183,outdated,22,10,16,25.99
dronePull1D,drones,reloaded,reloaded,,drones/dronePull1D.png,0.186,outdated,23,10,15,26.41
drone27B,drones,both,reloaded,Triple electric pointer,drones/drone27B.png,0.189,outdated,20,15,9,24.62
drone27C,drones,both,reloaded,Triple laser pointer,drones/drone27C.png,0.189,outdated,20,15,9,24.62
drone22,drones,both,reloaded,Blue Angel,drones/drone22.png,0.192,outdated,20,15,7,25.27
dronePull1E,drones,reloaded,reloaded,,drones/dronePull1E.png,0.192,outdated,24,10,15,25.1
superDroneBasic1C,drones,reloaded,reloaded,,drones/superDroneBasic1C.png,0.197,outdated,22,12,12,30.47
superDroneBasic2C,drones,reloaded,reloaded,,drones/superDroneBasic2C.png,0.197,outdated,22,12,12,30.47
drone9,drones,both,reloaded,Blueberry,drones/drone9.png,0.2,outdated,17,5,16,34.0
drone3,drones,both,reloaded,Tesla,drones/drone3.png,0.206,outdated,18,8,16,31.03
droneBasic1A,drones,reloaded,reloaded,,drones/droneBasic1A.png,0.206,outdated,18,15,11,28.52
drone10,drones,both,reloaded,Yellow Snow,drones/drone10.png,0.208,outdated,18,5,13,35.77
drone21B,drones,both,reloaded,Flying Machine Cannon,drones/drone21B.png,0.208,outdated,23,7,17,28.79
droneRangedB2D,drones,reloaded,reloaded,,drones/droneRangedB2D.png,0.208,outdated,24,10,16,25.62
drone37A,drones,both,reloaded,Repair Drone Mark I,drones/drone37A.png,0.214,outdated,22,10,16,29.14
drone35,drones,both,reloaded,Sector Eye,drones/drone35.png,0.217,outdated,23,13,12,29.35
dronePush2D,drones,reloaded,reloaded,,drones/dronePush2D.png,0.217,outdated,23,13,12,29.35
dronePush3D,drones,reloaded,reloaded,,drones/dronePush3D.png,0.217,outdated,23,13,12,29.35
superDroneBasic3C,drones,reloaded,reloaded,,drones/superDroneBasic3C.png,0.228,outdated,22,12,14,30.47
drone21A,drones,both,reloaded,Flying Machine Gun,drones/drone21A.png,0.233,outdated,23,7,17,32.31
drone16,drones,both,reloaded,Bird Blaster,drones/drone16.png,0.242,outdated,20,7,15,36.29
drone23,drones,both,reloaded,Yello Angel,drones/drone23.png,0.242,outdated,19,15,7,32.4
drone8,drones,both,reloaded,Red Rain,drones/drone8.png,0.242,outdated,21,10,11,40.09
drone35B,drones,both,reloaded,Sector Eyes,drones/drone35B.png,0.281,borderline,25,15,12,27.61
drone7A,drones,both,reloaded,Blaster,drones/drone7A.png,0.292,borderline,24,8,19,34.4
dronePush2E,drones,reloaded,reloaded,,drones/dronePush2E.png,0.294,borderline,26,15,12,28.71
dronePush3E,drones,reloaded,reloaded,,drones/dronePush3E.png,0.294,borderline,26,15,12,28.71
droneRangedB1C,drones,reloaded,reloaded,,drones/droneRangedB1C.png,0.306,borderline,25,10,19,33.25
droneDamageSelf2C,drones,reloaded,reloaded,,drones/droneDamageSelf2C.png,0.311,borderline,23,4,22,36.07
droneDamageSelf3C,drones,reloaded,reloaded,,drones/droneDamageSelf3C.png,0.311,borderline,23,4,22,36.07
droneRangedB3C,drones,reloaded,reloaded,,drones/droneRangedB3C.png,0.317,borderline,25,10,20,33.25
droneDamageSelf1D,drones,reloaded,reloaded,,drones/droneDamageSelf1D.png,0.328,borderline,28,7,26,28.54
drone14,drones,both,reloaded,Jim Beam,drones/drone14.png,0.331,borderline,23,8,15,46.0
droneRangedB2E,drones,reloaded,reloaded,,drones/droneRangedB2E.png,0.331,borderline,28,14,15,29.15
drone17,drones,both,reloaded,Spray Can,drones/drone17.png,0.364,borderline,26,19,10,33.65
drone12A,drones,both,reloaded,Red Drone,drones/drone12A.png,0.386,borderline,23,12,18,44.3
droneRangedB1D,drones,reloaded,reloaded,,drones/droneRangedB1D.png,0.389,borderline,29,14,19,30.96
drone12B,drones,both,reloaded,Blue Drone,drones/drone12B.png,0.392,borderline,23,12,19,44.3
droneRangedB3D,drones,reloaded,reloaded,,drones/droneRangedB3D.png,0.4,borderline,29,14,20,30.96
drone13,drones,both,reloaded,Parfume,drones/drone13.png,0.406,borderline,23,18,8,45.92
drone38B,drones,both,reloaded,,drones/drone38B.png,0.406,borderline,29,19,17,27.49
drone38A,drones,both,reloaded,,drones/drone38A.png,0.422,borderline,28,18,17,30.52
drone36A,drones,both,reloaded,Bullet Shark,drones/drone36A.png,0.439,borderline,28,16,18,34.18
drone36B,drones,both,reloaded,Electricon Mark I,drones/drone36B.png,0.439,borderline,28,16,18,34.18
drone36C,drones,both,reloaded,Heat Eruptor Mark I,drones/drone36C.png,0.444,borderline,28,16,19,34.18
droneTypeDamage2C,drones,reloaded,reloaded,,drones/droneTypeDamage2C.png,0.444,borderline,24,13,20,48.0
drone1,drones,both,reloaded,Arial Target,drones/drone1.png,0.447,borderline,24,9,23,48.0
drone34C,drones,both,reloaded,Evil Rock,drones/drone34C.png,0.453,ok,27,18,19,34.68
droneDamageSelf3D,drones,reloaded,reloaded,,drones/droneDamageSelf3D.png,0.456,ok,32,8,30,32.61
droneTypeDamage1C,drones,reloaded,reloaded,,drones/droneTypeDamage1C.png,0.458,ok,24,13,21,48.0
droneTypeDamage3C,drones,reloaded,reloaded,,drones/droneTypeDamage3C.png,0.458,ok,24,13,21,48.0
droneRanged2C,drones,reloaded,reloaded,,drones/droneRanged2C.png,0.461,ok,27,15,24,32.7
drone34B,drones,both,reloaded,Evil Flame,drones/drone34B.png,0.464,ok,27,18,20,34.68
droneHighDamage2E,drones,reloaded,reloaded,,drones/droneHighDamage2E.png,0.467,ok,29,13,28,32.54
droneDamageSelf2D,drones,reloaded,reloaded,,drones/droneDamageSelf2D.png,0.475,ok,33,8,30,33.63
droneHighDamage2D,drones,reloaded,reloaded,,drones/droneHighDamage2D.png,0.497,ok,28,14,27,34.98
drone7B,drones,both,reloaded,The Drone of Destruction,drones/drone7B.png,0.5,ok,32,16,19,35.32
droneCapacityDamage1C,drones,reloaded,reloaded,,drones/droneCapacityDamage1C.png,0.506,ok,30,13,22,43.0
superDroneTypeDamage1D,drones,reloaded,reloaded,,drones/superDroneTypeDamage1D.png,0.511,ok,28,10,26,48.51
droneRangedB1E,drones,reloaded,reloaded,,drones/droneRangedB1E.png,0.531,ok,34,19,18,35.4
droneHighDamage2C,drones,reloaded,reloaded,,drones/droneHighDamage2C.png,0.533,ok,27,13,27,44.82
droneCapacityDamage2C,drones,reloaded,reloaded,,drones/droneCapacityDamage2C.png,0.536,ok,32,13,22,45.87
droneRangedB3E,drones,reloaded,reloaded,,drones/droneRangedB3E.png,0.536,ok,34,19,19,35.4
superDroneTypeDamage2D,drones,reloaded,reloaded,,drones/superDroneTypeDamage2D.png,0.542,ok,29,11,25,50.24
superDroneTypeDamage3D,drones,reloaded,reloaded,,drones/superDroneTypeDamage3D.png,0.547,ok,29,11,26,50.24
droneRanged1C,drones,reloaded,reloaded,,drones/droneRanged1C.png,0.55,ok,29,16,27,35.13
droneRanged3C,drones,reloaded,reloaded,,drones/droneRanged3C.png,0.55,ok,29,16,27,35.13
droneRanged2D,drones,reloaded,reloaded,,drones/droneRanged2D.png,0.564,ok,30,18,27,33.03
droneRegenDamage2D,drones,reloaded,reloaded,,drones/droneRegenDamage2D.png,0.567,ok,36,19,19,36.93
droneRegenDamage1D,drones,reloaded,reloaded,,drones/droneRegenDamage1D.png,0.581,ok,36,18,21,36.93
droneRegenDamage3D,drones,reloaded,reloaded,,drones/droneRegenDamage3D.png,0.586,ok,36,20,20,36.93
droneDamageSelfB2C,drones,reloaded,reloaded,,drones/droneDamageSelfB2C.png,0.608,ok,33,11,31,47.1
droneDamageSelf1E,drones,reloaded,reloaded,,drones/droneDamageSelf1E.png,0.636,ok,40,17,27,33.66
droneRanged2E,drones,reloaded,reloaded,,drones/droneRanged2E.png,0.636,ok,33,21,29,34.34
droneTypeDamage1B,drones,reloaded,reloaded,,drones/droneTypeDamage1B.png,0.653,ok,29,17,24,58.0
droneCapacityDamage1E,drones,reloaded,reloaded,,drones/droneCapacityDamage1E.png,0.664,ok,41,23,22,36.07
droneCapacityDamage3C,drones,reloaded,reloaded,,drones/droneCapacityDamage3C.png,0.664,ok,34,15,26,48.73
droneRegenDamage2E,drones,reloaded,reloaded,,drones/droneRegenDamage2E.png,0.667,ok,50,38,14,38.39
droneRegenDamage1E,drones,reloaded,reloaded,,drones/droneRegenDamage1E.png,0.672,ok,50,37,15,38.39
droneCapacityDamage1D,drones,reloaded,reloaded,,drones/droneCapacityDamage1D.png,0.675,ok,39,24,20,43.05
droneRegenDamage3E,drones,reloaded,reloaded,,drones/droneRegenDamage3E.png,0.675,ok,50,38,15,38.39
droneCapacityDamage3E,drones,reloaded,reloaded,,drones/droneCapacityDamage3E.png,0.678,ok,41,22,24,36.07
droneTypeDamage2B,drones,reloaded,reloaded,,drones/droneTypeDamage2B.png,0.678,ok,30,18,23,60.0
droneTypeDamage3B,drones,reloaded,reloaded,,drones/droneTypeDamage3B.png,0.683,ok,30,18,24,60.0
droneCapacityDamage3D,drones,reloaded,reloaded,,drones/droneCapacityDamage3D.png,0.689,ok,39,24,21,43.05
drone39B,drones,both,reloaded,,drones/drone39B.png,0.692,ok,42,33,16,39.39
drone40B,drones,both,reloaded,,drones/drone40B.png,0.692,ok,42,33,16,39.39
droneCapacityDamage2D,drones,reloaded,reloaded,,drones/droneCapacityDamage2D.png,0.692,ok,40,23,21,44.15
droneRanged1D,drones,reloaded,reloaded,,drones/droneRanged1D.png,0.697,ok,34,21,32,37.43
droneRanged3D,drones,reloaded,reloaded,,drones/droneRanged3D.png,0.697,ok,34,21,32,37.43
drone39A,drones,both,reloaded,Boiling Scope Mark I,drones/drone39A.png,0.7,ok,41,32,16,43.13
drone40A,drones,both,reloaded,Shocking Scope Mark I,drones/drone40A.png,0.7,ok,41,32,16,43.13
droneCapacityDamage2E,drones,reloaded,reloaded,,drones/droneCapacityDamage2E.png,0.703,ok,43,22,24,37.83
superDroneTypeDamage2E,drones,reloaded,reloaded,,drones/superDroneTypeDamage2E.png,0.739,ok,38,23,23,51.28
superDroneTypeDamage3E,drones,reloaded,reloaded,,drones/superDroneTypeDamage3E.png,0.758,ok,38,23,25,51.28
droneDamageSelfB1C,drones,reloaded,reloaded,,drones/droneDamageSelfB1C.png,0.772,ok,38,15,37,54.23
droneDamageSelfB3C,drones,reloaded,reloaded,,drones/droneDamageSelfB3C.png,0.772,ok,38,15,37,54.23
superDroneTypeDamage1E,drones,reloaded,reloaded,,drones/superDroneTypeDamage1E.png,0.797,ok,38,23,30,51.28
droneRanged1E,drones,reloaded,reloaded,,drones/droneRanged1E.png,0.814,ok,40,27,34,41.62
droneRanged3E,drones,reloaded,reloaded,,drones/droneRanged3E.png,0.814,ok,40,27,34,41.62
droneDamageSelf2E,drones,reloaded,reloaded,,drones/droneDamageSelf2E.png,0.831,ok,52,25,31,43.76
droneDamageSelf3E,drones,reloaded,reloaded,,drones/droneDamageSelf3E.png,0.836,ok,52,25,32,43.76
droneDamageSelfB2E,drones,reloaded,reloaded,,drones/droneDamageSelfB2E.png,0.839,ok,54,31,32,38.39
droneDamageSelfB2D,drones,reloaded,reloaded,,drones/droneDamageSelfB2D.png,0.867,ok,48,26,32,49.83
droneDamageSelfB1E,drones,reloaded,reloaded,,drones/droneDamageSelfB1E.png,0.925,ok,65,41,39,46.21
droneDamageSelfB3E,drones,reloaded,reloaded,,drones/droneDamageSelfB3E.png,0.925,ok,65,41,39,46.21
droneDamageSelfB1D,drones,reloaded,reloaded,,drones/droneDamageSelfB1D.png,0.939,ok,54,31,38,56.06
droneDamageSelfB3D,drones,reloaded,reloaded,,drones/droneDamageSelfB3D.png,0.939,ok,54,31,38,56.06
enhancerFreeMechSwapC,enhancers,reloaded,reloaded,,enhancers/enhancerFreeMechSwapC.png,0.004,outdated,24,13,14,5.5
enhancerRepairC,enhancers,reloaded,reloaded,,enhancers/enhancerRepairC.png,0.025,outdated,24,14,15,5.5
enhancerCritical3C,enhancers,reloaded,reloaded,,enhancers/enhancerCritical3C.png,0.042,outdated,25,14,15,5.7
enhancerCoolingC,enhancers,reloaded,reloaded,,enhancers/enhancerCoolingC.png,0.05,outdated,25,13,13,5.73
enhancerCritical1C,enhancers,reloaded,reloaded,,enhancers/enhancerCritical1C.png,0.062,outdated,25,14,16,5.7
enhancerCritical2C,enhancers,reloaded,reloaded,,enhancers/enhancerCritical2C.png,0.062,outdated,25,14,16,5.7
enhancerShieldDamage3C,enhancers,reloaded,reloaded,,enhancers/enhancerShieldDamage3C.png,0.071,outdated,25,15,14,5.73
enhancerShieldEnergyDamageC,enhancers,reloaded,reloaded,,enhancers/enhancerShieldEnergyDamageC.png,0.071,outdated,25,15,14,5.73
enhancerShieldDamage2C,enhancers,reloaded,reloaded,,enhancers/enhancerShieldDamage2C.png,0.083,outdated,25,15,15,5.73
enhancerShieldHeatDamageC,enhancers,reloaded,reloaded,,enhancers/enhancerShieldHeatDamageC.png,0.083,outdated,25,15,15,5.73
enhancerShieldDamage1C,enhancers,reloaded,reloaded,,enhancers/enhancerShieldDamage1C.png,0.104,outdated,25,15,16,5.73
enhancerRegenerationC,enhancers,reloaded,reloaded,,enhancers/enhancerRegenerationC.png,0.108,outdated,25,14,17,5.73
enhancerIgnoreResistance1C,enhancers,reloaded,reloaded,,enhancers/enhancerIgnoreResistance1C.png,0.25,borderline,26,16,18,5.93
enhancerIgnoreResistance3C,enhancers,reloaded,reloaded,,enhancers/enhancerIgnoreResistance3C.png,0.25,borderline,26,16,18,5.93
enhancerPushPullResistC,enhancers,reloaded,reloaded,,enhancers/enhancerPushPullResistC.png,0.25,borderline,27,17,15,6.19
enhancerExtraAPC,enhancers,reloaded,reloaded,,enhancers/enhancerExtraAPC.png,0.275,borderline,28,16,17,6.39
enhancerCritical3D,enhancers,reloaded,reloaded,,enhancers/enhancerCritical3D.png,0.283,borderline,29,16,17,6.61
enhancerCritical3E,enhancers,reloaded,reloaded,,enhancers/enhancerCritical3E.png,0.308,borderline,30,16,17,6.84
enhancerIgnoreResistance2C,enhancers,reloaded,reloaded,,enhancers/enhancerIgnoreResistance2C.png,0.308,borderline,26,16,19,5.93
enhancerCritical1D,enhancers,reloaded,reloaded,,enhancers/enhancerCritical1D.png,0.317,borderline,29,16,18,6.61
enhancerCritical2D,enhancers,reloaded,reloaded,,enhancers/enhancerCritical2D.png,0.317,borderline,29,16,18,6.61
enhancerShieldResistDrain1C,enhancers,reloaded,reloaded,,enhancers/enhancerShieldResistDrain1C.png,0.317,borderline,27,17,18,6.19
enhancerShieldResistDrain3C,enhancers,reloaded,reloaded,,enhancers/enhancerShieldResistDrain3C.png,0.317,borderline,27,17,18,6.19
enhancerCritical1E,enhancers,reloaded,reloaded,,enhancers/enhancerCritical1E.png,0.342,borderline,30,16,18,6.84
enhancerCritical2E,enhancers,reloaded,reloaded,,enhancers/enhancerCritical2E.png,0.342,borderline,30,16,18,6.84
enhancerShieldDamage3D,enhancers,reloaded,reloaded,,enhancers/enhancerShieldDamage3D.png,0.375,borderline,30,17,17,6.88
enhancerShieldEnergyDamageD,enhancers,reloaded,reloaded,,enhancers/enhancerShieldEnergyDamageD.png,0.375,borderline,30,17,17,6.88
enhancerShieldResistDrain2C,enhancers,reloaded,reloaded,,enhancers/enhancerShieldResistDrain2C.png,0.375,borderline,27,17,19,6.19
enhancerShieldDamage2D,enhancers,reloaded,reloaded,,enhancers/enhancerShieldDamage2D.png,0.408,borderline,30,17,18,6.88
enhancerShieldHeatDamageD,enhancers,reloaded,reloaded,,enhancers/enhancerShieldHeatDamageD.png,0.408,borderline,30,17,18,6.88
enhancerShieldDamage3E,enhancers,reloaded,reloaded,,enhancers/enhancerShieldDamage3E.png,0.454,ok,31,17,17,7.1
enhancerShieldEnergyDamageE,enhancers,reloaded,reloaded,,enhancers/enhancerShieldEnergyDamageE.png,0.454,ok,31,17,17,7.1
enhancerShieldDamage1D,enhancers,reloaded,reloaded,,enhancers/enhancerShieldDamage1D.png,0.467,ok,30,17,19,6.88
enhancerShieldDamage2E,enhancers,reloaded,reloaded,,enhancers/enhancerShieldDamage2E.png,0.487,ok,31,17,18,7.1
enhancerShieldHeatDamageE,enhancers,reloaded,reloaded,,enhancers/enhancerShieldHeatDamageE.png,0.487,ok,31,17,18,7.1
enhancerIgnoreResistance1D,enhancers,reloaded,reloaded,,enhancers/enhancerIgnoreResistance1D.png,0.537,ok,30,18,20,6.84
enhancerIgnoreResistance3D,enhancers,reloaded,reloaded,,enhancers/enhancerIgnoreResistance3D.png,0.537,ok,30,18,20,6.84
enhancerShieldDamage1E,enhancers,reloaded,reloaded,,enhancers/enhancerShieldDamage1E.png,0.546,ok,31,17,19,7.1
enhancerIgnoreResistance2D,enhancers,reloaded,reloaded,,enhancers/enhancerIgnoreResistance2D.png,0.558,ok,30,18,21,6.84
enhancerCoolingD,enhancers,reloaded,reloaded,,enhancers/enhancerCoolingD.png,0.6,ok,39,14,19,8.94
enhancerFreeMechSwapD,enhancers,reloaded,reloaded,,enhancers/enhancerFreeMechSwapD.png,0.613,ok,38,14,20,8.72
enhancerIgnoreResistance1E,enhancers,reloaded,reloaded,,enhancers/enhancerIgnoreResistance1E.png,0.629,ok,31,18,20,7.07
enhancerIgnoreResistance3E,enhancers,reloaded,reloaded,,enhancers/enhancerIgnoreResistance3E.png,0.629,ok,31,18,20,7.07
enhancerIgnoreResistance2E,enhancers,reloaded,reloaded,,enhancers/enhancerIgnoreResistance2E.png,0.65,ok,31,18,21,7.07
enhancerPushPullResistD,enhancers,reloaded,reloaded,,enhancers/enhancerPushPullResistD.png,0.654,ok,32,19,18,7.33
enhancerRepairD,enhancers,reloaded,reloaded,,enhancers/enhancerRepairD.png,0.662,ok,38,15,21,8.72
enhancerExtraAPD,enhancers,reloaded,reloaded,,enhancers/enhancerExtraAPD.png,0.667,ok,32,18,19,7.3
enhancerPushPullResistE,enhancers,reloaded,reloaded,,enhancers/enhancerPushPullResistE.png,0.696,ok,33,19,18,7.56
enhancerExtraAPE,enhancers,reloaded,reloaded,,enhancers/enhancerExtraAPE.png,0.708,ok,33,18,19,7.53
enhancerRegenerationD,enhancers,reloaded,reloaded,,enhancers/enhancerRegenerationD.png,0.729,ok,39,15,23,8.94
enhancerShieldResistDrain1D,enhancers,reloaded,reloaded,,enhancers/enhancerShieldResistDrain1D.png,0.762,ok,32,19,21,7.33
enhancerShieldResistDrain3D,enhancers,reloaded,reloaded,,enhancers/enhancerShieldResistDrain3D.png,0.762,ok,32,19,21,7.33
enhancerFreeMechSwapE,enhancers,reloaded,reloaded,,enhancers/enhancerFreeMechSwapE.png,0.767,ok,44,17,21,10.09
enhancerCoolingE,enhancers,reloaded,reloaded,,enhancers/enhancerCoolingE.png,0.783,ok,45,17,21,10.32
enhancerShieldResistDrain2D,enhancers,reloaded,reloaded,,enhancers/enhancerShieldResistDrain2D.png,0.8,ok,32,19,22,7.33
enhancerShieldResistDrain1E,enhancers,reloaded,reloaded,,enhancers/enhancerShieldResistDrain1E.png,0.804,ok,33,19,21,7.56
enhancerShieldResistDrain3E,enhancers,reloaded,reloaded,,enhancers/enhancerShieldResistDrain3E.png,0.804,ok,33,19,21,7.56
enhancerShieldResistDrain2E,enhancers,reloaded,reloaded,,enhancers/enhancerShieldResistDrain2E.png,0.842,ok,33,19,22,7.56
enhancerRepairE,enhancers,reloaded,reloaded,,enhancers/enhancerRepairE.png,0.871,ok,44,18,22,10.09
enhancerRegenerationE,enhancers,reloaded,reloaded,,enhancers/enhancerRegenerationE.png,0.904,ok,45,18,24,10.32
superHarpoonBase2D,hooks,reloaded,reloaded,,hooks/superHarpoonBase2D.png,0.096,outdated,15,7,12,3.75
harpoonBase2B,hooks,reloaded,reloaded,,hooks/harpoonBase2B.png,0.173,outdated,21,9,9,5.25
harpoonBase1B,hooks,reloaded,reloaded,,hooks/harpoonBase1B.png,0.212,outdated,21,9,10,5.25
superHarpoonBase1D,hooks,reloaded,reloaded,,hooks/superHarpoonBase1D.png,0.212,outdated,15,6,17,3.75
harpoon5A,hooks,both,reloaded,,hooks/harpoon5A.png,0.231,outdated,8,0,7,8.0
harpoonBase3B,hooks,reloaded,reloaded,,hooks/harpoonBase3B.png,0.231,outdated,21,9,11,5.25
harpoon5B,hooks,both,reloaded,,hooks/harpoon5B.png,0.269,borderline,11,0,10,10.99
harpoon5C,hooks,both,reloaded,,hooks/harpoon5C.png,0.269,borderline,11,0,10,10.99
harpoon5D,hooks,both,reloaded,,hooks/harpoon5D.png,0.269,borderline,11,0,10,10.99
superHarpoonBase3D,hooks,reloaded,reloaded,,hooks/superHarpoonBase3D.png,0.269,borderline,16,8,16,4.0
harpoon6A,hooks,both,reloaded,Rock Biter,hooks/harpoon6A.png,0.327,borderline,16,9,9,15.99
harpoon1,hooks,both,reloaded,Harpoon Mark 1,hooks/harpoon1.png,0.346,borderline,23,2,6,23.0
harpoonBase2C,hooks,reloaded,reloaded,,hooks/harpoonBase2C.png,0.346,borderline,25,10,9,6.25
harpoon6D_legacy,hooks,legacy,legacy,Shock Biter,hooks/harpoon6D_legacy.png,0.423,borderline,17,9,12,16.99
harpoon2,hooks,both,reloaded,Burning Harpoon Mark 1,hooks/harpoon2.png,0.462,ok,31,2,6,31.0
harpoon6B,hooks,both,reloaded,,hooks/harpoon6B.png,0.462,ok,17,9,13,16.99
harpoon6C,hooks,both,reloaded,Flame Biter,hooks/harpoon6C.png,0.462,ok,17,9,13,16.99
harpoon3,hooks,both,reloaded,Burning Harpoon Mark 3,hooks/harpoon3.png,0.5,ok,46,3,6,46.0
harpoon4,hooks,both,reloaded,Electric Harpoon Mark 1,hooks/harpoon4.png,0.5,ok,47,3,7,47.0
superHarpoonBase3E,hooks,reloaded,reloaded,,hooks/superHarpoonBase3E.png,0.558,ok,25,17,16,6.25
harpoonBase1C,hooks,reloaded,reloaded,,hooks/harpoonBase1C.png,0.635,ok,31,10,15,7.75
harpoonBase3C,hooks,reloaded,reloaded,,hooks/harpoonBase3C.png,0.635,ok,31,10,15,7.75
harpoon6D,hooks,reloaded,reloaded,Shock Biter,hooks/harpoon6D.png,0.673,ok,25,17,16,25.0
superHarpoonBase2E,hooks,reloaded,reloaded,,hooks/superHarpoonBase2E.png,0.673,ok,29,22,12,7.25
superHarpoonBase1E,hooks,reloaded,reloaded,,hooks/superHarpoonBase1E.png,0.731,ok,26,17,18,6.5
harpoon,hooks,both,reloaded,,hooks/harpoon.png,0.808,ok,51,9,35,63.25
kit_color0,kits,reloaded,reloaded,,kits/kit_color0.png,0.0,outdated,2,0,1,2.0
kit_color500,kits,reloaded,reloaded,,kits/kit_color500.png,0.008,outdated,2,0,1,4.0
kit_color501,kits,reloaded,reloaded,,kits/kit_color501.png,0.008,outdated,2,0,1,4.0
kit_color502,kits,reloaded,reloaded,,kits/kit_color502.png,0.008,outdated,2,0,1,4.0
kit_color510,kits,reloaded,reloaded,,kits/kit_color510.png,0.008,outdated,2,0,1,4.0
kit_color511,kits,reloaded,reloaded,,kits/kit_color511.png,0.008,outdated,2,0,1,4.0
kit_color520,kits,reloaded,reloaded,,kits/kit_color520.png,0.008,outdated,2,0,1,4.0
kit_color521,kits,reloaded,reloaded,,kits/kit_color521.png,0.008,outdated,2,0,1,4.0
kit_color522,kits,reloaded,reloaded,,kits/kit_color522.png,0.008,outdated,2,0,1,4.0
kit_color530,kits,reloaded,reloaded,,kits/kit_color530.png,0.008,outdated,2,0,1,4.0
kit_color531,kits,reloaded,reloaded,,kits/kit_color531.png,0.008,outdated,2,0,1,4.0
kit_color1,kits,reloaded,reloaded,,kits/kit_color1.png,0.183,outdated,3,0,1,6.0
kit_color2,kits,reloaded,reloaded,,kits/kit_color2.png,0.183,outdated,3,0,1,6.0
kit_color3,kits,reloaded,reloaded,,kits/kit_color3.png,0.183,outdated,3,0,1,6.0
kit_color4,kits,reloaded,reloaded,,kits/kit_color4.png,0.183,outdated,3,0,1,6.0
kit_color5,kits,reloaded,reloaded,,kits/kit_color5.png,0.183,outdated,3,0,1,6.0
kit_color6,kits,reloaded,reloaded,,kits/kit_color6.png,0.183,outdated,3,0,1,6.0
kit_color7,kits,reloaded,reloaded,,kits/kit_color7.png,0.183,outdated,3,0,1,6.0
kit_color8,kits,reloaded,reloaded,,kits/kit_color8.png,0.183,outdated,3,0,1,6.0
kit_color9,kits,reloaded,reloaded,,kits/kit_color9.png,0.183,outdated,3,0,1,6.0
kit_color540,kits,reloaded,reloaded,,kits/kit_color540.png,0.5,ok,6,0,4,12.0
kit_color541,kits,reloaded,reloaded,,kits/kit_color541.png,0.5,ok,6,0,4,12.0
kit_heat1,kits,both,reloaded,Cooling Kit 1,kits/kit_heat1.png,0.658,ok,36,0,11,36.0
kit_heat10,kits,both,reloaded,Adv. Cooling Kit 3,kits/kit_heat10.png,0.658,ok,40,0,12,40.0
kit_heat11,kits,both,reloaded,Adv. Cooling Kit 4,kits/kit_heat11.png,0.658,ok,40,0,12,40.0
kit_heat12,kits,both,reloaded,Adv. Cooling Kit 5,kits/kit_heat12.png,0.658,ok,40,0,12,40.0
kit_heat13,kits,both,reloaded,Adv. Cooling Kit 6,kits/kit_heat13.png,0.658,ok,40,0,12,40.0
kit_heat14,kits,both,reloaded,Adv. Cooling Kit 7,kits/kit_heat14.png,0.658,ok,40,0,12,40.0
kit_heat2,kits,both,reloaded,Cooling Kit 2,kits/kit_heat2.png,0.658,ok,36,0,11,36.0
kit_heat3,kits,both,reloaded,Cooling Kit 3,kits/kit_heat3.png,0.658,ok,36,0,11,36.0
kit_heat4,kits,both,reloaded,Cooling Kit 4,kits/kit_heat4.png,0.658,ok,36,0,11,36.0
kit_heat5,kits,both,reloaded,Cooling Kit 5,kits/kit_heat5.png,0.658,ok,36,0,11,36.0
kit_heat6,kits,both,reloaded,Cooling Kit 6,kits/kit_heat6.png,0.658,ok,36,0,11,36.0
kit_heat7,kits,both,reloaded,Cooling Kit 7,kits/kit_heat7.png,0.658,ok,36,0,11,36.0
kit_heat8,kits,both,reloaded,Adv. Cooling Kit 1,kits/kit_heat8.png,0.658,ok,40,0,12,40.0
kit_heat9,kits,both,reloaded,Adv. Cooling Kit 2,kits/kit_heat9.png,0.658,ok,40,0,12,40.0
kit_enhancerSupport1,kits,reloaded,reloaded,,kits/kit_enhancerSupport1.png,0.775,ok,14,8,10,13.31
kit_color0_legacy,kits,legacy,legacy,,kits/kit_color0_legacy.png,0.8,ok,10,6,6,20.0
kit_color1_legacy,kits,legacy,legacy,,kits/kit_color1_legacy.png,0.8,ok,10,6,7,20.0
kit_color2_legacy,kits,legacy,legacy,,kits/kit_color2_legacy.png,0.8,ok,10,6,7,20.0
kit_color3_legacy,kits,legacy,legacy,,kits/kit_color3_legacy.png,0.8,ok,10,6,7,20.0
kit_color4_legacy,kits,legacy,legacy,,kits/kit_color4_legacy.png,0.8,ok,10,6,7,20.0
kit_color5_legacy,kits,legacy,legacy,,kits/kit_color5_legacy.png,0.8,ok,10,6,7,20.0
kit_color6_legacy,kits,legacy,legacy,,kits/kit_color6_legacy.png,0.8,ok,10,6,7,20.0
kit_color7_legacy,kits,legacy,legacy,,kits/kit_color7_legacy.png,0.8,ok,10,6,7,20.0
kit_color8_legacy,kits,legacy,legacy,,kits/kit_color8_legacy.png,0.8,ok,10,6,7,20.0
kit_color9_legacy,kits,legacy,legacy,,kits/kit_color9_legacy.png,0.8,ok,10,6,7,20.0
kit_enhancerDeffensive1,kits,reloaded,reloaded,,kits/kit_enhancerDeffensive1.png,0.8,ok,15,9,10,14.27
kit_enhancerOffensive1,kits,reloaded,reloaded,,kits/kit_enhancerOffensive1.png,0.8,ok,15,9,10,14.27
kit_ascension2,kits,reloaded,reloaded,,kits/kit_ascension2.png,0.825,ok,79,4,21,25.05
kit_HP15,kits,both,reloaded,Master Repair Kit 8,kits/kit_HP15.png,0.833,ok,26,13,15,10.14
kit_HP16,kits,both,reloaded,Master Repair Kit 9,kits/kit_HP16.png,0.833,ok,26,13,15,10.14
kit_HP17,kits,both,reloaded,Master Repair Kit 10,kits/kit_HP17.png,0.833,ok,26,13,15,10.14
kit_HP18,kits,both,reloaded,,kits/kit_HP18.png,0.833,ok,26,13,15,10.14
kit_HP19,kits,both,reloaded,,kits/kit_HP19.png,0.833,ok,26,13,15,10.14
kit_HP20,kits,both,reloaded,,kits/kit_HP20.png,0.833,ok,26,13,15,10.14
kit_energy15,kits,both,reloaded,,kits/kit_energy15.png,0.833,ok,27,13,17,10.53
kit_energy16,kits,both,reloaded,,kits/kit_energy16.png,0.833,ok,27,13,17,10.53
kit_energy17,kits,both,reloaded,,kits/kit_energy17.png,0.833,ok,27,13,17,10.53
kit_energy18,kits,both,reloaded,,kits/kit_energy18.png,0.833,ok,27,13,17,10.53
kit_energy19,kits,both,reloaded,,kits/kit_energy19.png,0.833,ok,27,13,17,10.53
kit_energy20,kits,both,reloaded,,kits/kit_energy20.png,0.833,ok,27,13,17,10.53
kit_heat15,kits,both,reloaded,,kits/kit_heat15.png,0.833,ok,26,12,17,10.14
kit_heat16,kits,both,reloaded,,kits/kit_heat16.png,0.833,ok,26,12,17,10.14
kit_heat17,kits,both,reloaded,,kits/kit_heat17.png,0.833,ok,26,12,17,10.14
kit_heat18,kits,both,reloaded,,kits/kit_heat18.png,0.833,ok,26,12,17,10.14
kit_heat19,kits,both,reloaded,,kits/kit_heat19.png,0.833,ok,26,12,17,10.14
kit_heat20,kits,both,reloaded,,kits/kit_heat20.png,0.833,ok,26,12,17,10.14
kit_HP1,kits,both,reloaded,Repair Kit 1,kits/kit_HP1.png,0.842,ok,35,1,11,35.0
kit_HP10,kits,both,reloaded,Adv. Repair Kit 3,kits/kit_HP10.png,0.842,ok,39,1,13,39.0
kit_HP11,kits,both,reloaded,Adv. Repair Kit 4,kits/kit_HP11.png,0.842,ok,39,1,13,39.0
kit_HP12,kits,both,reloaded,Adv. Repair Kit 5,kits/kit_HP12.png,0.842,ok,39,1,13,39.0
kit_HP13,kits,both,reloaded,Adv. Repair Kit 6,kits/kit_HP13.png,0.842,ok,39,1,13,39.0
kit_HP14,kits,both,reloaded,Adv. Repair Kit 7,kits/kit_HP14.png,0.842,ok,39,1,13,39.0
kit_HP2,kits,both,reloaded,Repair Kit 2,kits/kit_HP2.png,0.842,ok,35,1,11,35.0
kit_HP3,kits,both,reloaded,Repair Kit 3,kits/kit_HP3.png,0.842,ok,35,1,11,35.0
kit_HP4,kits,both,reloaded,Repair Kit 4,kits/kit_HP4.png,0.842,ok,35,1,11,35.0
kit_HP5,kits,both,reloaded,Repair Kit 5,kits/kit_HP5.png,0.842,ok,35,1,11,35.0
kit_HP6,kits,both,reloaded,Repair Kit 6,kits/kit_HP6.png,0.842,ok,35,1,11,35.0
kit_HP7,kits,both,reloaded,Repair Kit 7,kits/kit_HP7.png,0.842,ok,35,1,11,35.0
kit_HP8,kits,both,reloaded,Adv. Repair Kit 1,kits/kit_HP8.png,0.842,ok,39,1,13,39.0
kit_HP9,kits,both,reloaded,Adv. Repair Kit 2,kits/kit_HP9.png,0.842,ok,39,1,13,39.0
kit_ascension0,kits,reloaded,reloaded,,kits/kit_ascension0.png,0.842,ok,81,4,21,25.68
kit_ascension3,kits,reloaded,reloaded,,kits/kit_ascension3.png,0.842,ok,81,4,21,25.68
kit_bullets1,kits,both,reloaded,Bullets Kit 1,kits/kit_bullets1.png,0.842,ok,35,1,13,35.0
kit_bullets2,kits,both,reloaded,Bullets Kit 2,kits/kit_bullets2.png,0.842,ok,35,1,13,35.0
kit_bullets3,kits,both,reloaded,Bullets Kit 3,kits/kit_bullets3.png,0.842,ok,35,1,13,35.0
kit_bullets4,kits,both,reloaded,Bullets Kit 4,kits/kit_bullets4.png,0.842,ok,35,1,13,35.0
kit_bullets5,kits,both,reloaded,Bullets Kit 5,kits/kit_bullets5.png,0.842,ok,35,1,13,35.0
kit_bullets6,kits,both,reloaded,Bullets Kit 6,kits/kit_bullets6.png,0.842,ok,35,1,13,35.0
kit_bullets7,kits,both,reloaded,Bullets Kit 7,kits/kit_bullets7.png,0.842,ok,35,1,13,35.0
kit_energy1,kits,both,reloaded,Energy Kit 1,kits/kit_energy1.png,0.842,ok,36,1,13,36.0
kit_energy10,kits,both,reloaded,Adv. Energy Kit 3,kits/kit_energy10.png,0.842,ok,40,1,14,40.0
kit_energy11,kits,both,reloaded,Adv. Energy Kit 4,kits/kit_energy11.png,0.842,ok,40,1,14,40.0
kit_energy12,kits,both,reloaded,Adv. Energy Kit 5,kits/kit_energy12.png,0.842,ok,40,1,14,40.0
kit_energy13,kits,both,reloaded,Adv. Energy Kit 6,kits/kit_energy13.png,0.842,ok,40,1,14,40.0
kit_energy14,kits,both,reloaded,Adv. Energy Kit 7,kits/kit_energy14.png,0.842,ok,40,1,14,40.0
kit_energy2,kits,both,reloaded,Energy Kit 2,kits/kit_energy2.png,0.842,ok,36,1,13,36.0
kit_energy3,kits,both,reloaded,Energy Kit 3,kits/kit_energy3.png,0.842,ok,36,1,13,36.0
kit_energy4,kits,both,reloaded,Energy Kit 4,kits/kit_energy4.png,0.842,ok,36,1,13,36.0
kit_energy5,kits,both,reloaded,Energy Kit 5,kits/kit_energy5.png,0.842,ok,36,1,13,36.0
kit_energy6,kits,both,reloaded,Energy Kit 6,kits/kit_energy6.png,0.842,ok,36,1,13,36.0
kit_energy7,kits,both,reloaded,Energy Kit 7,kits/kit_energy7.png,0.842,ok,36,1,13,36.0
kit_energy8,kits,both,reloaded,Adv. Energy Kit 1,kits/kit_energy8.png,0.842,ok,43,1,14,43.0
kit_energy9,kits,both,reloaded,Adv. Energy Kit 2,kits/kit_energy9.png,0.842,ok,40,1,14,40.0
kit_rockets1,kits,both,reloaded,Rockets Kit 1,kits/kit_rockets1.png,0.842,ok,35,1,13,35.0
kit_rockets2,kits,both,reloaded,Rockets Kit 2,kits/kit_rockets2.png,0.842,ok,35,1,13,35.0
kit_rockets3,kits,both,reloaded,Rockets Kit 3,kits/kit_rockets3.png,0.842,ok,35,1,13,35.0
kit_rockets4,kits,both,reloaded,Rockets Kit 4,kits/kit_rockets4.png,0.842,ok,35,1,13,35.0
kit_rockets5,kits,both,reloaded,Rockets Kit 5,kits/kit_rockets5.png,0.842,ok,35,1,13,35.0
kit_rockets6,kits,both,reloaded,Rockets Kit 6,kits/kit_rockets6.png,0.842,ok,35,1,13,35.0
kit_rockets7,kits,both,reloaded,Rockets Kit 7,kits/kit_rockets7.png,0.842,ok,35,1,13,35.0
kit_transform4,kits,reloaded,reloaded,,kits/kit_transform4.png,0.842,ok,46,4,17,46.05
kit_HPS1,kits,both,reloaded,Master Repair Kit 1,kits/kit_HPS1.png,0.85,ok,24,11,7,23.86
kit_energyS1,kits,both,reloaded,,kits/kit_energyS1.png,0.85,ok,25,11,9,24.85
kit_heatS1,kits,both,reloaded,Master Cooling Kit 1,kits/kit_heatS1.png,0.85,ok,25,10,7,24.85
kit_power1,kits,both,reloaded,,kits/kit_power1.png,0.85,ok,16,11,9,15.91
kit_power2,kits,both,reloaded,,kits/kit_power2.png,0.85,ok,16,11,9,15.91
kit_power3,kits,both,reloaded,,kits/kit_power3.png,0.85,ok,16,11,9,15.91
kit_power4,kits,both,reloaded,,kits/kit_power4.png,0.85,ok,18,13,9,17.9
kit_power5,kits,both,reloaded,,kits/kit_power5.png,0.85,ok,18,13,9,17.9
kit_power6,kits,both,reloaded,,kits/kit_power6.png,0.85,ok,18,13,9,17.9
kit_power7,kits,both,reloaded,,kits/kit_power7.png,0.85,ok,18,13,9,17.9
kit_power8,kits,both,reloaded,,kits/kit_power8.png,0.85,ok,18,13,9,17.9
kit_power9,kits,both,reloaded,,kits/kit_power9.png,0.85,ok,17,13,9,16.91
kit_powerB1,kits,both,reloaded,Power Kit,kits/kit_powerB1.png,0.85,ok,16,11,9,15.91
kit_powerB2,kits,both,reloaded,,kits/kit_powerB2.png,0.85,ok,16,11,9,15.91
kit_powerB3,kits,both,reloaded,,kits/kit_powerB3.png,0.85,ok,16,11,9,15.91
kit_powerB4,kits,both,reloaded,,kits/kit_powerB4.png,0.85,ok,18,13,9,17.9
kit_powerB5,kits,both,reloaded,,kits/kit_powerB5.png,0.85,ok,18,13,9,17.9
kit_powerB6,kits,both,reloaded,,kits/kit_powerB6.png,0.85,ok,18,13,9,17.9
kit_powerB7,kits,both,reloaded,,kits/kit_powerB7.png,0.85,ok,18,13,9,17.9
kit_powerB8,kits,both,reloaded,,kits/kit_powerB8.png,0.85,ok,18,13,9,17.9
kit_powerB9,kits,both,reloaded,,kits/kit_powerB9.png,0.85,ok,17,13,9,16.91
kit_ascension1,kits,reloaded,reloaded,,kits/kit_ascension1.png,0.867,ok,81,4,22,25.68
kit_power10,kits,both,reloaded,,kits/kit_power10.png,0.875,ok,20,11,13,20.02
kit_power11,kits,both,reloaded,,kits/kit_power11.png,0.875,ok,20,11,13,20.02
kit_power12,kits,both,reloaded,,kits/kit_power12.png,0.875,ok,20,11,13,20.02
kit_power13,kits,both,reloaded,,kits/kit_power13.png,0.875,ok,20,11,13,20.02
kit_power14,kits,both,reloaded,,kits/kit_power14.png,0.875,ok,19,11,13,19.02
kit_powerB10,kits,both,reloaded,Ultra Power Kit I,kits/kit_powerB10.png,0.875,ok,20,11,13,20.02
kit_powerB11,kits,both,reloaded,Ultra Power Kit II,kits/kit_powerB11.png,0.875,ok,20,11,13,20.02
kit_powerB12,kits,both,reloaded,Ultra Power Kit III,kits/kit_powerB12.png,0.875,ok,20,11,13,20.02
kit_powerB13,kits,both,reloaded,Ultra Power Kit IV,kits/kit_powerB13.png,0.875,ok,20,11,13,20.02
kit_powerB14,kits,both,reloaded,Ultra Power Kit V,kits/kit_powerB14.png,0.875,ok,19,11,13,19.02
kit_powerB15,kits,both,reloaded,Ultra Power Kit,kits/kit_powerB15.png,0.875,ok,21,12,13,21.02
kit_resistElectric1,kits,both,reloaded,Electric Resistance Kit,kits/kit_resistElectric1.png,0.875,ok,25,10,14,24.9
kit_resistExplosive1,kits,both,reloaded,Explosive Resistance Kit,kits/kit_resistExplosive1.png,0.875,ok,25,10,14,24.9
kit_resistPhysical1,kits,both,reloaded,Physical Resistance Kit,kits/kit_resistPhysical1.png,0.875,ok,25,10,14,24.9
kit_HPS2,kits,both,reloaded,Master Repair Kit 2,kits/kit_HPS2.png,0.883,ok,30,11,7,29.82
kit_HPS3,kits,both,reloaded,Master Repair Kit 3,kits/kit_HPS3.png,0.883,ok,36,11,7,35.78
kit_HPS4,kits,both,reloaded,Master Repair Kit 4,kits/kit_HPS4.png,0.883,ok,42,11,7,41.75
kit_energyS2,kits,both,reloaded,Master Energy Kit 2,kits/kit_energyS2.png,0.883,ok,31,11,9,30.81
kit_energyS3,kits,both,reloaded,Master Energy Kit 3,kits/kit_energyS3.png,0.883,ok,37,11,9,36.78
kit_energyS4,kits,both,reloaded,Master Energy Kit 4,kits/kit_energyS4.png,0.883,ok,43,11,9,42.74
kit_heatS2,kits,both,reloaded,Master Cooling Kit 2,kits/kit_heatS2.png,0.883,ok,31,10,7,30.81
kit_heatS3,kits,both,reloaded,Master Cooling Kit 3,kits/kit_heatS3.png,0.883,ok,37,10,7,36.78
kit_heatS4,kits,both,reloaded,Master Cooling Kit 4,kits/kit_heatS4.png,0.883,ok,43,10,7,42.74
kit_HPS5,kits,both,reloaded,Master Repair Kit 5,kits/kit_HPS5.png,0.9,ok,48,11,7,47.71
kit_HPS6,kits,both,reloaded,Master Repair Kit 6,kits/kit_HPS6.png,0.9,ok,50,11,7,49.7
kit_HPS7,kits,both,reloaded,Master Repair Kit 7,kits/kit_HPS7.png,0.9,ok,53,11,7,52.68
kit_energyS5,kits,both,reloaded,Master Energy Kit 5,kits/kit_energyS5.png,0.9,ok,49,11,9,48.71
kit_energyS6,kits,both,reloaded,Master Energy Kit 6,kits/kit_energyS6.png,0.9,ok,51,11,9,50.7
kit_energyS7,kits,both,reloaded,Master Energy Kit 7,kits/kit_energyS7.png,0.9,ok,54,11,9,53.68
kit_heatS5,kits,both,reloaded,Master Cooling Kit 5,kits/kit_heatS5.png,0.9,ok,49,10,7,48.71
kit_heatS6,kits,both,reloaded,Master Cooling Kit 6,kits/kit_heatS6.png,0.9,ok,51,10,7,50.7
kit_heatS7,kits,both,reloaded,Master Cooling Kit 7,kits/kit_heatS7.png,0.9,ok,54,10,7,53.68
kit_resistElectric2,kits,both,reloaded,,kits/kit_resistElectric2.png,0.908,ok,31,10,14,30.88
kit_resistElectric3,kits,both,reloaded,,kits/kit_resistElectric3.png,0.908,ok,37,10,14,36.85
kit_resistElectric4,kits,both,reloaded,,kits/kit_resistElectric4.png,0.908,ok,43,10,14,42.83
kit_resistExplosive2,kits,both,reloaded,,kits/kit_resistExplosive2.png,0.908,ok,31,10,14,30.88
kit_resistExplosive3,kits,both,reloaded,,kits/kit_resistExplosive3.png,0.908,ok,37,10,14,36.83
kit_resistExplosive4,kits,both,reloaded,,kits/kit_resistExplosive4.png,0.908,ok,43,10,14,42.83
kit_resistPhysical2,kits,both,reloaded,,kits/kit_resistPhysical2.png,0.908,ok,31,10,14,30.88
kit_resistPhysical3,kits,both,reloaded,,kits/kit_resistPhysical3.png,0.908,ok,37,10,14,36.85
kit_resistPhysical4,kits,both,reloaded,,kits/kit_resistPhysical4.png,0.908,ok,43,10,14,42.83
kit_resistElectric5,kits,both,reloaded,,kits/kit_resistElectric5.png,0.925,ok,49,10,14,48.8
kit_resistElectric6,kits,both,reloaded,,kits/kit_resistElectric6.png,0.925,ok,51,10,14,50.8
kit_resistExplosive5,kits,both,reloaded,,kits/kit_resistExplosive5.png,0.925,ok,49,10,14,48.8
kit_resistExplosive6,kits,both,reloaded,,kits/kit_resistExplosive6.png,0.925,ok,51,10,14,50.8
kit_resistPhysical5,kits,both,reloaded,,kits/kit_resistPhysical5.png,0.925,ok,49,10,14,48.8
kit_resistPhysical6,kits,both,reloaded,,kits/kit_resistPhysical6.png,0.925,ok,51,10,14,50.8
kit_resistAll1,kits,both,reloaded,Multi Resistance Kit,kits/kit_resistAll1.png,0.95,ok,33,16,27,32.87
kit_resistAll2,kits,both,reloaded,,kits/kit_resistAll2.png,0.95,ok,39,16,27,38.84
kit_resistAll3,kits,both,reloaded,,kits/kit_resistAll3.png,0.95,ok,45,16,27,44.82
kit_resistAll4,kits,both,reloaded,,kits/kit_resistAll4.png,0.967,ok,51,16,27,50.8
kit_resistAll5,kits,both,reloaded,,kits/kit_resistAll5.png,0.967,ok,57,16,27,56.77
kit_resistAll6,kits,both,reloaded,,kits/kit_resistAll6.png,0.967,ok,58,16,27,57.77
leg35,legs,both,reloaded,,legs/leg35.png,0.003,outdated,5,4,5,2.35
leg1004,legs,both,reloaded,Turret base,legs/leg1004.png,0.007,outdated,7,0,6,6.6
leg1003,legs,reloaded,reloaded,Tank wheels,legs/leg1003.png,0.01,outdated,10,4,9,6.12
leg1003_legacy,legs,legacy,legacy,Tank wheels,legs/leg1003_legacy.png,0.01,outdated,10,4,9,6.12
leg1002_legacy,legs,legacy,legacy,Jeep wheels,legs/leg1002_legacy.png,0.033,outdated,8,6,5,7.7
leg4,legs,both,reloaded,Elephant,legs/leg4.png,0.039,outdated,13,0,12,6.05
leg1001,legs,both,reloaded,ARMOR TANK,legs/leg1001.png,0.056,outdated,17,4,12,4.91
leg5,legs,both,reloaded,Springs,legs/leg5.png,0.059,outdated,15,3,12,7.55
leg1,legs,both,reloaded,Metal Walkers,legs/leg1.png,0.062,outdated,14,3,10,8.51
leg1003_2,legs,reloaded,reloaded,TankHeatLeg,legs/leg1003_2.png,0.062,outdated,13,6,11,7.95
leg1003_3,legs,reloaded,reloaded,TankEnergyLeg,legs/leg1003_3.png,0.062,outdated,13,6,11,7.95
leg17,legs,both,reloaded,Steel Trunks,legs/leg17.png,0.079,outdated,15,5,12,7.83
leg2,legs,both,reloaded,Steel Walkers,legs/leg2.png,0.082,outdated,14,4,11,9.08
leg1002,legs,reloaded,reloaded,Jeep wheels,legs/leg1002.png,0.092,outdated,10,8,7,9.63
leg3,legs,both,reloaded,Sky Walkers,legs/leg3.png,0.092,outdated,17,4,14,8.51
leg7,legs,both,reloaded,Fort Wall,legs/leg7.png,0.092,outdated,16,3,13,8.72
leg21,legs,both,reloaded,Cannon feet,legs/leg21.png,0.118,outdated,18,7,14,8.0
leg29,legs,both,reloaded,Metal Sticks,legs/leg29.png,0.135,outdated,21,10,10,7.97
leg76B,legs,reloaded,reloaded,,legs/leg76B.png,0.135,outdated,18,7,15,8.6
leg11,legs,both,reloaded,Walkmans,legs/leg11.png,0.138,outdated,18,4,17,7.35
leg14,legs,both,reloaded,Mountain Feet,legs/leg14.png,0.138,outdated,20,8,12,8.31
leg28,legs,both,reloaded,Volcano Chargers,legs/leg28.png,0.138,outdated,22,10,11,7.95
leg18,legs,both,reloaded,Ultra Stompers,legs/leg18.png,0.141,outdated,21,9,13,7.6
leg80C,legs,reloaded,reloaded,,legs/leg80C.png,0.148,outdated,20,10,12,8.12
leg8,legs,both,reloaded,Heavy Legs,legs/leg8.png,0.155,outdated,18,0,17,8.31
wheels66D,legs,reloaded,reloaded,,legs/wheels66D.png,0.168,outdated,19,4,19,4.85
leg6,legs,both,reloaded,Mammoth Paws,legs/leg6.png,0.174,outdated,19,4,17,8.68
leg71C,legs,reloaded,reloaded,,legs/leg71C.png,0.197,outdated,18,5,18,9.24
leg1002_2,legs,reloaded,reloaded,JeepHeatLeg,legs/leg1002_2.png,0.204,outdated,13,10,9,12.52
leg1002_3,legs,reloaded,reloaded,JeepEnergyLeg,legs/leg1002_3.png,0.204,outdated,13,10,9,12.52
leg67B,legs,reloaded,reloaded,,legs/leg67B.png,0.227,outdated,18,4,18,10.77
leg80D,legs,reloaded,reloaded,,legs/leg80D.png,0.23,outdated,25,14,12,7.84
leg78D,legs,reloaded,reloaded,,legs/leg78D.png,0.24,outdated,23,10,16,8.79
wheels4,legs,both,reloaded,Surf Board,legs/wheels4.png,0.243,outdated,21,0,20,9.66
wheels7,legs,both,reloaded,Tank Base,legs/wheels7.png,0.247,outdated,22,8,17,9.34
leg64C,legs,reloaded,reloaded,,legs/leg64C.png,0.25,borderline,21,10,15,11.17
leg64B,legs,reloaded,reloaded,,legs/leg64B.png,0.26,borderline,19,6,16,11.95
leg24,legs,both,reloaded,Two Steps,legs/leg24.png,0.266,borderline,24,15,11,9.43
leg27A,legs,both,reloaded,,legs/leg27A.png,0.273,borderline,22,14,15,9.8
leg78C,legs,reloaded,reloaded,,legs/leg78C.png,0.273,borderline,22,7,18,10.39
leg76C,legs,reloaded,reloaded,,legs/leg76C.png,0.276,borderline,23,13,15,9.7
leg65C,legs,reloaded,reloaded,,legs/leg65C.png,0.283,borderline,22,8,16,11.17
wheels1,legs,both,reloaded,Rolin,legs/wheels1.png,0.283,borderline,22,11,14,11.2
leg1000,legs,both,reloaded,GOD MODE,legs/leg1000.png,0.289,borderline,26,15,11,8.99
leg25,legs,both,reloaded,Flatfoot,legs/leg25.png,0.293,borderline,23,15,8,10.98
leg71D,legs,reloaded,reloaded,,legs/leg71D.png,0.293,borderline,24,10,18,9.66
leg73D,legs,reloaded,reloaded,,legs/leg73D.png,0.293,borderline,25,12,15,10.2
leg81C,legs,reloaded,reloaded,,legs/leg81C.png,0.293,borderline,25,14,14,10.14
leg74C,legs,reloaded,reloaded,,legs/leg74C.png,0.299,borderline,26,16,11,8.89
leg82C,legs,reloaded,reloaded,,legs/leg82C.png,0.303,borderline,25,14,15,10.14
leg23,legs,both,reloaded,Tappings,legs/leg23.png,0.306,borderline,22,12,12,12.02
leg67C,legs,reloaded,reloaded,,legs/leg67C.png,0.309,borderline,21,6,20,11.17
leg60A,legs,reloaded,reloaded,,legs/leg60A.png,0.329,borderline,20,3,20,12.69
leg73E,legs,reloaded,reloaded,,legs/leg73E.png,0.332,borderline,28,10,17,10.14
leg12,legs,both,reloaded,Ultra Springs,legs/leg12.png,0.336,borderline,26,10,16,10.89
leg13,legs,both,reloaded,Stompers,legs/leg13.png,0.336,borderline,25,2,23,11.05
leg26,legs,both,reloaded,Kickers,legs/leg26.png,0.345,borderline,22,13,13,12.76
wheels9,legs,both,reloaded,USA Transporter,legs/wheels9.png,0.362,borderline,28,13,19,6.9
leg73C,legs,reloaded,reloaded,,legs/leg73C.png,0.368,borderline,25,12,15,12.63
leg16,legs,both,reloaded,Giga Feet,legs/leg16.png,0.372,borderline,26,11,15,12.46
leg27B,legs,both,reloaded,Fire Stampede,legs/leg27B.png,0.372,borderline,23,15,17,10.24
leg27C,legs,both,reloaded,Thunder Stampede,legs/leg27C.png,0.372,borderline,23,15,17,10.24
leg74A,legs,reloaded,reloaded,,legs/leg74A.png,0.375,borderline,25,15,11,12.95
leg74D,legs,reloaded,reloaded,,legs/leg74D.png,0.375,borderline,30,18,13,8.63
leg78E,legs,reloaded,reloaded,,legs/leg78E.png,0.378,borderline,28,14,17,9.31
leg62A,legs,reloaded,reloaded,,legs/leg62A.png,0.382,borderline,22,4,23,13.95
wheels8A,legs,both,reloaded,Steel Tractors,legs/wheels8A.png,0.382,borderline,26,13,18,10.01
leg61A,legs,reloaded,reloaded,,legs/leg61A.png,0.388,borderline,22,4,24,13.95
leg77D,legs,reloaded,reloaded,,legs/leg77D.png,0.411,borderline,29,15,19,8.01
leg22,legs,both,reloaded,Hoofs,legs/leg22.png,0.414,borderline,24,13,16,12.92
leg67D,legs,reloaded,reloaded,,legs/leg67D.png,0.421,borderline,25,9,25,11.46
leg63B,legs,reloaded,reloaded,,legs/leg63B.png,0.424,borderline,26,17,15,11.76
leg74B,legs,reloaded,reloaded,,legs/leg74B.png,0.424,borderline,28,19,10,11.79
leg76D,legs,reloaded,reloaded,,legs/leg76D.png,0.444,borderline,29,17,16,10.39
leg79C,legs,reloaded,reloaded,,legs/leg79C.png,0.444,borderline,26,10,21,12.28
leg77E,legs,reloaded,reloaded,,legs/leg77E.png,0.451,ok,33,15,21,7.95
leg63A,legs,reloaded,reloaded,,legs/leg63A.png,0.454,ok,24,12,16,15.89
leg60B,legs,reloaded,reloaded,,legs/leg60B.png,0.461,ok,26,8,23,13.2
leg81D,legs,reloaded,reloaded,,legs/leg81D.png,0.467,ok,34,22,14,10.67
wheels3,legs,both,reloaded,Carriers,legs/wheels3.png,0.474,ok,30,19,15,11.32
wheels66E,legs,reloaded,reloaded,,legs/wheels66E.png,0.474,ok,35,16,22,6.94
leg82D,legs,reloaded,reloaded,,legs/leg82D.png,0.477,ok,34,22,15,10.67
leg67E,legs,reloaded,reloaded,,legs/leg67E.png,0.484,ok,31,10,30,10.43
leg79D,legs,reloaded,reloaded,,legs/leg79D.png,0.484,ok,29,15,19,11.09
leg80E,legs,reloaded,reloaded,,legs/leg80E.png,0.52,ok,39,25,14,10.8
jet1,legs,both,reloaded,,legs/jet1.png,0.549,ok,27,10,20,17.81
wheels2,legs,both,reloaded,Trio-Wheels,legs/wheels2.png,0.549,ok,27,14,16,19.19
leg30A,legs,both,reloaded,Rino Boots,legs/leg30A.png,0.553,ok,29,15,21,12.6
wheels6,legs,both,reloaded,Fortress Floors,legs/wheels6.png,0.559,ok,36,8,29,12.44
leg20,legs,both,reloaded,Quake Feet,legs/leg20.png,0.572,ok,31,19,16,14.27
leg60C,legs,reloaded,reloaded,,legs/leg60C.png,0.582,ok,32,11,27,13.79
leg60D,legs,reloaded,reloaded,,legs/leg60D.png,0.605,ok,36,11,32,12.13
wheels5A,legs,both,reloaded,Hot Wheels,legs/wheels5A.png,0.615,ok,36,23,16,13.44
leg34,legs,legacy,legacy,,legs/leg34.png,0.618,ok,34,26,18,12.1
leg79E,legs,reloaded,reloaded,,legs/leg79E.png,0.622,ok,36,21,20,11.97
leg62B,legs,reloaded,reloaded,,legs/leg62B.png,0.632,ok,32,11,27,16.25
leg76E,legs,reloaded,reloaded,,legs/leg76E.png,0.632,ok,43,31,15,13.29
wheels5B,legs,both,reloaded,Electro Wheels,legs/wheels5B.png,0.635,ok,36,23,17,13.44
leg61B,legs,reloaded,reloaded,,legs/leg61B.png,0.641,ok,32,11,28,16.25
leg60E,legs,reloaded,reloaded,,legs/leg60E.png,0.661,ok,41,14,33,12.09
leg70D,legs,reloaded,reloaded,,legs/leg70D.png,0.668,ok,41,28,15,16.02
leg75B,legs,reloaded,reloaded,,legs/leg75B.png,0.678,ok,32,13,26,23.7
leg19,legs,both,reloaded,Pipe feet,legs/leg19.png,0.697,ok,43,33,12,19.47
wheels69D,legs,reloaded,reloaded,,legs/wheels69D.png,0.697,ok,44,27,24,11.27
leg72B,legs,reloaded,reloaded,,legs/leg72B.png,0.701,ok,36,16,24,16.65
leg10,legs,both,reloaded,Grasshopper,legs/leg10.png,0.717,ok,35,17,24,16.74
leg70C,legs,reloaded,reloaded,,legs/leg70C.png,0.717,ok,38,23,18,16.82
wheels8B,legs,both,reloaded,Burning Tractors,legs/wheels8B.png,0.717,ok,38,24,22,14.63
leg32B,legs,both,reloaded,Magma Barrier,legs/leg32B.png,0.72,ok,47,34,15,16.26
leg32C,legs,both,reloaded,Steel Barricade,legs/leg32C.png,0.72,ok,47,34,15,16.26
leg70E,legs,reloaded,reloaded,,legs/leg70E.png,0.72,ok,48,35,15,16.41
wheels8C,legs,both,reloaded,Lightning Tractors,legs/wheels8C.png,0.72,ok,38,24,23,14.63
leg15,legs,both,reloaded,Golden Springs,legs/leg15.png,0.74,ok,38,18,21,19.45
leg30B,legs,both,reloaded,Flame Boots,legs/leg30B.png,0.747,ok,37,19,25,16.07
leg81E,legs,reloaded,reloaded,,legs/leg81E.png,0.747,ok,55,40,16,15.24
leg72C,legs,reloaded,reloaded,,legs/leg72C.png,0.75,ok,41,20,25,15.82
leg30C,legs,both,reloaded,Thunder Boots,legs/leg30C.png,0.753,ok,37,19,26,16.07
leg32,legs,both,reloaded,Electric Mass,legs/leg32.png,0.757,ok,47,34,16,16.26
leg82E,legs,reloaded,reloaded,,legs/leg82E.png,0.766,ok,55,40,17,15.24
leg62C,legs,reloaded,reloaded,,legs/leg62C.png,0.773,ok,40,16,31,17.24
leg62D,legs,reloaded,reloaded,,legs/leg62D.png,0.773,ok,45,17,36,15.16
leg61D,legs,reloaded,reloaded,,legs/leg61D.png,0.776,ok,45,17,37,15.16
leg61C,legs,reloaded,reloaded,,legs/leg61C.png,0.78,ok,40,16,32,17.24
leg9,legs,both,reloaded,High Deff,legs/leg9.png,0.793,ok,41,21,25,20.19
leg65D,legs,reloaded,reloaded,,legs/leg65D.png,0.816,ok,51,36,18,21.7
wheels68B,legs,reloaded,reloaded,,legs/wheels68B.png,0.816,ok,46,23,27,15.96
wheels68C,legs,reloaded,reloaded,,legs/wheels68C.png,0.832,ok,53,31,26,15.49
wheels68A,legs,reloaded,reloaded,,legs/wheels68A.png,0.849,ok,46,25,26,21.76
leg61E,legs,reloaded,reloaded,,legs/leg61E.png,0.852,ok,53,22,37,15.63
leg62E,legs,reloaded,reloaded,,legs/leg62E.png,0.852,ok,53,22,37,15.63
leg31,legs,both,reloaded,Yoshimo Legs,legs/leg31.png,0.855,ok,69,53,18,27.1
leg75C,legs,reloaded,reloaded,,legs/leg75C.png,0.865,ok,46,18,34,27.72
leg72D,legs,reloaded,reloaded,,legs/leg72D.png,0.875,ok,50,27,28,16.99
wheels69E,legs,reloaded,reloaded,,legs/wheels69E.png,0.888,ok,72,53,31,15.17
module_HP1_legacy,modules,legacy,legacy,Armor Plating 1,modules/module_HP1_legacy.png,0.0,outdated,16,1,6,16.02
module_HP6,modules,both,reloaded,Armor Plating 6,modules/module_HP6.png,0.0,outdated,15,2,9,15.02
module_HP2_legacy,modules,legacy,legacy,Armor Plating 2,modules/module_HP2_legacy.png,0.036,outdated,24,1,6,24.02
module_energy106,modules,reloaded,reloaded,,modules/module_energy106.png,0.041,outdated,20,14,11,20.0
module_cooling6,modules,reloaded,reloaded,,modules/module_cooling6.png,0.056,outdated,20,14,15,20.61
module_resistanceElectric1,modules,both,reloaded,Electric Resistance Module 1,modules/module_resistanceElectric1.png,0.056,outdated,28,3,12,28.03
module_resistanceElectric2_legacy,modules,legacy,legacy,Electric Resistance Module 2,modules/module_resistanceElectric2_legacy.png,0.056,outdated,28,3,12,28.03
module_resistanceElectric3_legacy,modules,legacy,legacy,Electric Resistance Module 3,modules/module_resistanceElectric3_legacy.png,0.056,outdated,28,3,12,28.03
module_resistanceElectric4_legacy,modules,legacy,legacy,Electric Resistance Module 4,modules/module_resistanceElectric4_legacy.png,0.056,outdated,28,3,12,28.03
module_resistanceElectric5_legacy,modules,legacy,legacy,Electric Resistance Module 5,modules/module_resistanceElectric5_legacy.png,0.056,outdated,28,3,12,28.03
module_resistanceExplosive1,modules,both,reloaded,Explosive Resistance Module 1,modules/module_resistanceExplosive1.png,0.056,outdated,28,3,13,28.03
module_resistanceExplosive2_legacy,modules,legacy,legacy,Explosive Resistance Module 2,modules/module_resistanceExplosive2_legacy.png,0.056,outdated,28,3,13,28.03
module_resistanceExplosive3_legacy,modules,legacy,legacy,Explosive Resistance Module 3,modules/module_resistanceExplosive3_legacy.png,0.056,outdated,28,3,13,28.03
module_resistanceExplosive4_legacy,modules,legacy,legacy,Explosive Resistance Module 4,modules/module_resistanceExplosive4_legacy.png,0.056,outdated,28,3,13,28.03
module_resistanceExplosive5_legacy,modules,legacy,legacy,Explosive Resistance Module 5,modules/module_resistanceExplosive5_legacy.png,0.056,outdated,28,3,13,28.03
module_resistancePhysical1,modules,both,reloaded,Physical Resistance Module 1,modules/module_resistancePhysical1.png,0.056,outdated,28,3,12,28.03
module_resistancePhysical2_legacy,modules,legacy,legacy,Physical Resistance Module 2,modules/module_resistancePhysical2_legacy.png,0.056,outdated,28,3,12,28.03
module_resistancePhysical3_legacy,modules,legacy,legacy,Physical Resistance Module 3,modules/module_resistancePhysical3_legacy.png,0.056,outdated,28,3,12,28.03
module_resistancePhysical4_legacy,modules,legacy,legacy,Physical Resistance Module 4,modules/module_resistancePhysical4_legacy.png,0.056,outdated,28,3,12,28.03
module_resistancePhysical5_legacy,modules,legacy,legacy,Physical Resistance Module 5,modules/module_resistancePhysical5_legacy.png,0.056,outdated,28,3,12,28.03
module_energy106_legacy,modules,legacy,legacy,,modules/module_energy106_legacy.png,0.064,outdated,20,15,10,20.0
module_cooling1,modules,reloaded,reloaded,Ultra Cooling Module,modules/module_cooling1.png,0.071,outdated,21,14,16,21.64
module_cooling2,modules,reloaded,reloaded,,modules/module_cooling2.png,0.071,outdated,21,14,16,21.64
module_cooling3,modules,reloaded,reloaded,,modules/module_cooling3.png,0.071,outdated,21,14,16,21.64
module_cooling4,modules,reloaded,reloaded,,modules/module_cooling4.png,0.071,outdated,21,14,16,21.64
module_cooling5,modules,reloaded,reloaded,,modules/module_cooling5.png,0.071,outdated,21,14,16,21.64
module_HP3_legacy,modules,legacy,legacy,Armor Plating 3,modules/module_HP3_legacy.png,0.074,outdated,30,1,6,30.03
module_energy101_legacy,modules,legacy,legacy,Electron Field Mark I,modules/module_energy101_legacy.png,0.074,outdated,21,15,11,21.0
module_energy102_legacy,modules,legacy,legacy,Electron Field Mark II,modules/module_energy102_legacy.png,0.074,outdated,21,15,11,21.0
module_energy103_legacy,modules,legacy,legacy,Electron Field III,modules/module_energy103_legacy.png,0.074,outdated,21,15,11,21.0
module_energy104_legacy,modules,legacy,legacy,Electron Field IV,modules/module_energy104_legacy.png,0.074,outdated,21,15,11,21.0
module_energy105_legacy,modules,legacy,legacy,,modules/module_energy105_legacy.png,0.074,outdated,21,15,11,21.0
module_heat106,modules,both,reloaded,,modules/module_heat106.png,0.079,outdated,20,15,15,20.61
module_heat101_legacy,modules,legacy,legacy,Heat Control Mark I,modules/module_heat101_legacy.png,0.094,outdated,21,15,16,21.64
module_heat102_legacy,modules,legacy,legacy,Heat Control Mark II,modules/module_heat102_legacy.png,0.094,outdated,21,15,16,21.64
module_heat103_legacy,modules,legacy,legacy,Heat Control Mark III,modules/module_heat103_legacy.png,0.094,outdated,21,15,16,21.64
module_heat104_legacy,modules,legacy,legacy,Heat Control Mark IV,modules/module_heat104_legacy.png,0.094,outdated,21,15,16,21.64
module_heat105_legacy,modules,legacy,legacy,,modules/module_heat105_legacy.png,0.094,outdated,21,15,16,21.64
module_resistanceElectric10,modules,both,reloaded,Electric Resistance Module 10,modules/module_resistanceElectric10.png,0.122,outdated,35,3,12,35.04
module_resistanceElectric6,modules,both,reloaded,Electric Resistance Module 6,modules/module_resistanceElectric6.png,0.122,outdated,35,3,12,35.04
module_resistanceElectric7,modules,both,reloaded,Electric Resistance Module 7,modules/module_resistanceElectric7.png,0.122,outdated,35,3,12,35.04
module_resistanceElectric8,modules,both,reloaded,Electric Resistance Module 8,modules/module_resistanceElectric8.png,0.122,outdated,35,3,12,35.04
module_resistanceElectric9,modules,both,reloaded,Electric Resistance Module 9,modules/module_resistanceElectric9.png,0.122,outdated,35,3,12,35.04
module_resistanceExplosive10,modules,both,reloaded,Explosive Resistance Module 10,modules/module_resistanceExplosive10.png,0.122,outdated,35,3,13,35.04
module_resistanceExplosive6,modules,both,reloaded,Explosive Resistance Module 6,modules/module_resistanceExplosive6.png,0.122,outdated,35,3,13,35.04
module_resistanceExplosive7,modules,both,reloaded,Explosive Resistance Module 7,modules/module_resistanceExplosive7.png,0.122,outdated,35,3,13,35.04
module_resistanceExplosive8,modules,both,reloaded,Explosive Resistance Module 8,modules/module_resistanceExplosive8.png,0.122,outdated,35,3,13,35.04
module_resistanceExplosive9,modules,both,reloaded,Explosive Resistance Module 9,modules/module_resistanceExplosive9.png,0.122,outdated,35,3,13,35.04
module_resistancePhysical10,modules,both,reloaded,Physical Resistance Module 10,modules/module_resistancePhysical10.png,0.122,outdated,35,3,12,35.04
module_resistancePhysical6,modules,both,reloaded,Physical Resistance Module 6,modules/module_resistancePhysical6.png,0.122,outdated,35,3,12,35.04
module_resistancePhysical7,modules,both,reloaded,Physical Resistance Module 7,modules/module_resistancePhysical7.png,0.122,outdated,35,3,12,35.04
module_resistancePhysical8,modules,both,reloaded,Physical Resistance Module 8,modules/module_resistancePhysical8.png,0.122,outdated,35,3,12,35.04
module_resistancePhysical9,modules,both,reloaded,Physical Resistance Module 9,modules/module_resistancePhysical9.png,0.122,outdated,35,3,12,35.04
module_HP7,modules,both,reloaded,Armor Plating 7,modules/module_HP7.png,0.128,outdated,37,4,13,37.04
module_heat11,modules,reloaded,reloaded,Heat Module 11,modules/module_heat11.png,0.145,outdated,26,8,23,26.01
module_HP11,modules,both,reloaded,Titanium Skeleton I,modules/module_HP11.png,0.156,outdated,38,9,16,38.04
module_heat2,modules,reloaded,reloaded,Heat Module 1,modules/module_heat2.png,0.166,outdated,28,9,23,28.01
module_bullets1,modules,both,reloaded,Bullet Storage 1,modules/module_bullets1.png,0.181,outdated,37,5,15,45.68
module_energy2,modules,reloaded,reloaded,Energy Module 2,modules/module_energy2.png,0.191,outdated,28,9,26,28.0
module_HP1,modules,reloaded,reloaded,Armor Plating 1,modules/module_HP1.png,0.194,outdated,27,18,17,27.0
module_heat1,modules,reloaded,reloaded,Heat Module 2,modules/module_heat1.png,0.194,outdated,29,7,26,29.01
module_bullets2,modules,both,reloaded,Bullet Storage 2,modules/module_bullets2.png,0.199,outdated,40,5,15,49.38
module_energy10,modules,reloaded,reloaded,Energy Module 10,modules/module_energy10.png,0.202,outdated,26,8,26,33.57
module_energy1,modules,reloaded,reloaded,Energy Module 1,modules/module_energy1.png,0.209,outdated,29,7,29,29.0
module_HP4_legacy,modules,legacy,legacy,Armor Plating 4,modules/module_HP4_legacy.png,0.214,outdated,46,1,6,46.05
module_bullets3,modules,both,reloaded,Bullet Storage 3,modules/module_bullets3.png,0.227,outdated,43,5,15,53.09
module_heat10,modules,reloaded,reloaded,Heat Module 10,modules/module_heat10.png,0.23,outdated,30,10,28,30.02
module_heat2_legacy,modules,legacy,legacy,Heat Module 1,modules/module_heat2_legacy.png,0.237,outdated,45,12,14,45.0
module_resistanceExplosive11,modules,both,reloaded,Explosive Resistance Module 11,modules/module_resistanceExplosive11.png,0.237,outdated,30,21,19,9.93
module_HP8,modules,both,reloaded,Armor Plating 8,modules/module_HP8.png,0.24,outdated,49,6,13,49.05
module_heat12,modules,reloaded,reloaded,Engine Booster I,modules/module_heat12.png,0.24,outdated,34,10,25,34.02
module_heat3,modules,reloaded,reloaded,Heat Module 3,modules/module_heat3.png,0.24,outdated,33,13,24,33.02
module_energy1_legacy,modules,legacy,legacy,Energy Module 1,modules/module_energy1_legacy.png,0.242,outdated,44,12,15,44.0
module_resistanceElectric11,modules,both,reloaded,Electric Resistance Module 11,modules/module_resistanceElectric11.png,0.242,outdated,30,21,21,9.93
module_resistanceExplosive12,modules,both,reloaded,Explosive Resistance Module 12,modules/module_resistanceExplosive12.png,0.247,outdated,31,22,19,10.26
module_HP2,modules,reloaded,reloaded,Armor Plating 2,modules/module_HP2.png,0.25,borderline,30,21,17,30.0
module_bullets4,modules,both,reloaded,Bullet Storage 4,modules/module_bullets4.png,0.25,borderline,46,5,15,56.79
module_energy3,modules,reloaded,reloaded,Energy Module 3,modules/module_energy3.png,0.25,borderline,33,13,26,33.0
module_resistanceElectric12,modules,both,reloaded,Electric Resistance Module 12,modules/module_resistanceElectric12.png,0.253,borderline,31,22,21,10.26
module_resistanceExplosive13,modules,both,reloaded,Explosive Resistance Module 13,modules/module_resistanceExplosive13.png,0.255,borderline,32,23,19,10.59
module_bullets6,modules,both,reloaded,Bullet Storage 6,modules/module_bullets6.png,0.258,borderline,43,11,15,53.2
module_resistanceElectric13,modules,both,reloaded,Electric Resistance Module 13,modules/module_resistanceElectric13.png,0.26,borderline,32,23,21,10.59
module_resistanceExplosive14,modules,both,reloaded,Explosive Resistance Module 14,modules/module_resistanceExplosive14.png,0.263,borderline,33,24,19,10.92
module_HP9,modules,both,reloaded,Armor Plating 9,modules/module_HP9.png,0.265,borderline,55,6,13,55.06
module_resistanceElectric14,modules,both,reloaded,Electric Resistance Module 14,modules/module_resistanceElectric14.png,0.268,borderline,33,24,21,10.92
module_resistanceExplosive15,modules,both,reloaded,Explosive Resistance Module 15,modules/module_resistanceExplosive15.png,0.27,borderline,34,25,19,11.25
module_resistancePhysical11,modules,both,reloaded,Physical Resistance Module 11,modules/module_resistancePhysical11.png,0.27,borderline,30,21,23,9.93
module_resistancePhysical12,modules,both,reloaded,Physical Resistance Module 12,modules/module_resistancePhysical12.png,0.27,borderline,30,21,23,9.93
module_resistancePhysical13,modules,both,reloaded,Physical Resistance Module 13,modules/module_resistancePhysical13.png,0.27,borderline,30,21,23,9.93
module_resistancePhysical14,modules,both,reloaded,Physical Resistance Module 14,modules/module_resistancePhysical14.png,0.27,borderline,30,21,23,9.93
module_resistancePhysical15,modules,both,reloaded,Physical Resistance Module 15,modules/module_resistancePhysical15.png,0.27,borderline,30,21,23,9.93
module_resistancePhysical16,modules,both,reloaded,,modules/module_resistancePhysical16.png,0.27,borderline,30,21,23,9.93
module_resistancePhysical17,modules,both,reloaded,,modules/module_resistancePhysical17.png,0.27,borderline,30,21,23,9.93
module_resistancePhysical18,modules,both,reloaded,,modules/module_resistancePhysical18.png,0.27,borderline,30,21,23,9.93
module_HP12,modules,both,reloaded,Platinum Skeleton II,modules/module_HP12.png,0.273,borderline,47,11,16,47.05
module_HP3,modules,reloaded,reloaded,Armor Plating 3,modules/module_HP3.png,0.273,borderline,32,22,18,32.0
module_resistanceElectric15,modules,both,reloaded,Electric Resistance Module 15,modules/module_resistanceElectric15.png,0.276,borderline,34,25,21,11.25
module_resistanceExplosive16,modules,both,reloaded,,modules/module_resistanceExplosive16.png,0.278,borderline,35,26,19,11.58
module_resistanceExplosive2,modules,reloaded,reloaded,Explosive Resistance Module 2,modules/module_resistanceExplosive2.png,0.278,borderline,40,15,22,40.04
module_resistancePhysical2,modules,reloaded,reloaded,Physical Resistance Module 2,modules/module_resistancePhysical2.png,0.278,borderline,40,15,22,40.04
module_bullets11,modules,both,reloaded,Mega Bullet Storage I,modules/module_bullets11.png,0.281,borderline,46,11,15,56.79
module_bullets7,modules,both,reloaded,Bullet Storage 7,modules/module_bullets7.png,0.281,borderline,46,11,15,56.79
module_resistanceElectric16,modules,both,reloaded,,modules/module_resistanceElectric16.png,0.283,borderline,35,26,21,11.58
module_bullets5,modules,both,reloaded,Bullet Storage 5,modules/module_bullets5.png,0.286,borderline,49,5,15,60.49
module_resistanceExplosive17,modules,both,reloaded,,modules/module_resistanceExplosive17.png,0.288,borderline,36,27,19,11.91
module_resistanceElectric17,modules,both,reloaded,,modules/module_resistanceElectric17.png,0.293,borderline,36,27,21,11.91
module_resistanceExplosive18,modules,both,reloaded,,modules/module_resistanceExplosive18.png,0.293,borderline,37,28,19,12.24
module_resistanceAll1,modules,both,reloaded,Multi Resistance Module,modules/module_resistanceAll1.png,0.298,borderline,37,11,28,37.04
module_resistanceAll2_legacy,modules,legacy,legacy,Multi Resistance Module,modules/module_resistanceAll2_legacy.png,0.298,borderline,37,11,28,37.04
module_resistanceAll3_legacy,modules,legacy,legacy,Multi Resistance Module,modules/module_resistanceAll3_legacy.png,0.298,borderline,37,11,28,37.04
module_resistanceAll4_legacy,modules,legacy,legacy,Multi Resistance Module,modules/module_resistanceAll4_legacy.png,0.298,borderline,37,11,28,37.04
module_resistanceAll5_legacy,modules,legacy,legacy,Multi Resistance Module,modules/module_resistanceAll5_legacy.png,0.298,borderline,37,11,28,37.04
module_resistanceElectric18,modules,both,reloaded,,modules/module_resistanceElectric18.png,0.298,borderline,37,28,21,12.24
module_resistanceExplosive3,modules,reloaded,reloaded,Explosive Resistance Module 3,modules/module_resistanceExplosive3.png,0.304,borderline,41,16,22,41.04
module_resistancePhysical3,modules,reloaded,reloaded,Physical Resistance Module 3,modules/module_resistancePhysical3.png,0.304,borderline,41,16,22,41.04
module_energy11,modules,reloaded,reloaded,Energy Generator I,modules/module_energy11.png,0.306,borderline,32,10,31,41.32
module_resistanceElectric2,modules,reloaded,reloaded,Electric Resistance Module 2,modules/module_resistanceElectric2.png,0.309,borderline,41,15,23,41.04
module_energy101,modules,reloaded,reloaded,Electron Field Mark I,modules/module_energy101.png,0.314,borderline,34,14,31,34.0
module_bullets12,modules,both,reloaded,Mega Bullet Storage II,modules/module_bullets12.png,0.316,borderline,49,11,15,60.49
module_bullets8,modules,both,reloaded,Bullet Storage 8,modules/module_bullets8.png,0.316,borderline,49,11,15,60.49
module_bullets13,modules,both,reloaded,Mega Bullet Storage III,modules/module_bullets13.png,0.329,borderline,52,11,15,64.2
module_bullets9,modules,both,reloaded,Bullet Storage 9,modules/module_bullets9.png,0.329,borderline,52,11,15,64.2
module_resistanceExplosive4,modules,reloaded,reloaded,Explosive Resistance Module 4,modules/module_resistanceExplosive4.png,0.334,borderline,42,17,22,42.04
module_resistancePhysical4,modules,reloaded,reloaded,Physical Resistance Module 4,modules/module_resistancePhysical4.png,0.334,borderline,42,17,22,42.04
module_HP10,modules,both,reloaded,Armor Plating 10,modules/module_HP10.png,0.337,borderline,67,8,13,67.07
module_bullets10,modules,both,reloaded,Bullet Storage 10,modules/module_bullets10.png,0.339,borderline,55,11,15,67.9
module_bullets14,modules,both,reloaded,,modules/module_bullets14.png,0.339,borderline,55,11,15,67.9
module_heat101,modules,reloaded,reloaded,Heat Control Mark I,modules/module_heat101.png,0.339,borderline,34,14,32,34.02
module_resistanceElectric3,modules,reloaded,reloaded,Electric Resistance Module 3,modules/module_resistanceElectric3.png,0.344,borderline,42,16,23,42.04
module_energy102,modules,reloaded,reloaded,Electron Field Mark II,modules/module_energy102.png,0.352,borderline,35,15,31,35.0
module_regularEnergyHeatCap3,modules,reloaded,reloaded,,modules/module_regularEnergyHeatCap3.png,0.357,borderline,39,10,34,39.0
module_bullets15,modules,both,reloaded,,modules/module_bullets15.png,0.36,borderline,58,11,15,71.6
module_heat6,modules,both,reloaded,Heat Module 6,modules/module_heat6.png,0.362,borderline,57,17,14,57.0
module_resistanceExplosive5,modules,reloaded,reloaded,Explosive Resistance Module 5,modules/module_resistanceExplosive5.png,0.362,borderline,43,18,22,43.04
module_resistancePhysical5,modules,reloaded,reloaded,Physical Resistance Module 5,modules/module_resistancePhysical5.png,0.362,borderline,43,18,22,43.04
module_heat4,modules,reloaded,reloaded,Heat module 4,modules/module_heat4.png,0.365,borderline,48,10,25,48.02
module_HP5_legacy,modules,legacy,legacy,Armor Plating 5,modules/module_HP5_legacy.png,0.367,borderline,77,1,6,77.08
module_energy6,modules,reloaded,reloaded,Energy Module 6,modules/module_energy6.png,0.367,borderline,58,17,14,58.0
module_energy6_legacy,modules,legacy,legacy,Energy Module 6,modules/module_energy6_legacy.png,0.372,borderline,57,17,15,57.0
module_resistanceElectric4,modules,reloaded,reloaded,Electric Resistance Module 4,modules/module_resistanceElectric4.png,0.372,borderline,43,17,23,43.04
module_resistanceAll10,modules,both,reloaded,Multi Resistance Module,modules/module_resistanceAll10.png,0.375,borderline,44,11,28,44.04
module_resistanceAll6,modules,both,reloaded,Multi Resistance Module,modules/module_resistanceAll6.png,0.375,borderline,44,11,28,44.04
module_resistanceAll7,modules,both,reloaded,Multi Resistance Module,modules/module_resistanceAll7.png,0.375,borderline,44,11,28,44.04
module_resistanceAll8,modules,both,reloaded,Multi Resistance Module,modules/module_resistanceAll8.png,0.375,borderline,44,11,28,44.04
module_resistanceAll9,modules,both,reloaded,Multi Resistance Module,modules/module_resistanceAll9.png,0.375,borderline,44,11,28,44.04
module_heat102,modules,reloaded,reloaded,Heat Control Mark II,modules/module_heat102.png,0.378,borderline,35,15,32,35.02
module_energy4,modules,reloaded,reloaded,Energy Module 4,modules/module_energy4.png,0.383,borderline,48,10,28,48.0
module_resistanceElectric5,modules,reloaded,reloaded,Electric Resistance Module 5,modules/module_resistanceElectric5.png,0.383,borderline,43,18,23,43.04
module_bulletsRockets_1_1,modules,both,reloaded,Bullet & Rocket Storage 1,modules/module_bulletsRockets_1_1.png,0.388,borderline,66,14,24,37.05
module_bulletsRockets_1_2,modules,both,reloaded,Bullet & Rocket Storage 3,modules/module_bulletsRockets_1_2.png,0.393,borderline,69,14,24,38.72
module_bulletsRockets_2_1,modules,both,reloaded,Bullet & Rocket Storage 2,modules/module_bulletsRockets_2_1.png,0.393,borderline,69,14,24,38.72
module_regularEnergyHeatCap4,modules,reloaded,reloaded,,modules/module_regularEnergyHeatCap4.png,0.395,borderline,42,15,31,42.0
module_heat1_legacy,modules,legacy,legacy,Heat Module 2,modules/module_heat1_legacy.png,0.403,borderline,59,17,15,59.0
module_bulletsRockets_1_3,modules,both,reloaded,,modules/module_bulletsRockets_1_3.png,0.408,borderline,72,14,24,40.4
module_bulletsRockets_2_2,modules,both,reloaded,Bullet & Rocket Storage 4,modules/module_bulletsRockets_2_2.png,0.408,borderline,72,14,24,40.4
module_bulletsRockets_3_1,modules,both,reloaded,Bullet & Rocket Storage 5,modules/module_bulletsRockets_3_1.png,0.408,borderline,72,14,24,40.4
module_bulletsRockets_5_5,modules,both,reloaded,,modules/module_bulletsRockets_5_5.png,0.408,borderline,72,14,24,40.4
module_energy2_legacy,modules,legacy,legacy,Energy Module 2,modules/module_energy2_legacy.png,0.416,borderline,58,17,17,58.0
module_rockets1,modules,both,reloaded,Rocket Storage 1,modules/module_rockets1.png,0.416,borderline,52,16,17,64.27
module_energyHeat1,modules,reloaded,reloaded,Energy & Heat Module 1,modules/module_energyHeat1.png,0.421,borderline,60,18,15,60.0
module_energyHeat1_legacy,modules,legacy,legacy,Energy & Heat Module 1,modules/module_energyHeat1_legacy.png,0.421,borderline,59,18,16,59.0
module_heat14,modules,reloaded,reloaded,Engine Booster III,modules/module_heat14.png,0.423,borderline,50,13,29,50.03
module_rockets2,modules,both,reloaded,Rocket Storage 2,modules/module_rockets2.png,0.426,borderline,55,16,17,67.9
module_bulletsRockets_1_4,modules,both,reloaded,Bullet & Rocket Storage 6,modules/module_bulletsRockets_1_4.png,0.431,borderline,75,14,24,42.08
module_bulletsRockets_2_3,modules,both,reloaded,Bullet & Rocket Storage 8,modules/module_bulletsRockets_2_3.png,0.431,borderline,75,14,24,42.08
module_bulletsRockets_3_2,modules,both,reloaded,Bullet & Rocket Storage 7,modules/module_bulletsRockets_3_2.png,0.431,borderline,75,14,24,42.08
module_bulletsRockets_4_1,modules,both,reloaded,,modules/module_bulletsRockets_4_1.png,0.431,borderline,75,14,24,42.08
module_bulletsRockets_5_6,modules,both,reloaded,Bullet & Rocket Storage 12,modules/module_bulletsRockets_5_6.png,0.431,borderline,75,14,24,42.08
module_bulletsRockets_6_5,modules,both,reloaded,Bullet & Rocket Storage 13,modules/module_bulletsRockets_6_5.png,0.431,borderline,75,14,24,42.08
module_energyHeat2,modules,reloaded,reloaded,Energy & Heat Module 2,modules/module_energyHeat2.png,0.439,borderline,67,18,15,67.0
module_bulletsRockets_2_4,modules,both,reloaded,,modules/module_bulletsRockets_2_4.png,0.446,borderline,78,14,24,43.77
module_bulletsRockets_3_3,modules,both,reloaded,Bullet & Rocket Storage 9,modules/module_bulletsRockets_3_3.png,0.446,borderline,78,14,24,43.77
module_bulletsRockets_4_2,modules,both,reloaded,,modules/module_bulletsRockets_4_2.png,0.446,borderline,78,14,24,43.77
module_bulletsRockets_5_7,modules,both,reloaded,,modules/module_bulletsRockets_5_7.png,0.446,borderline,78,14,24,43.77
module_bulletsRockets_6_6,modules,both,reloaded,,modules/module_bulletsRockets_6_6.png,0.446,borderline,78,14,24,43.77
module_bulletsRockets_7_5,modules,both,reloaded,,modules/module_bulletsRockets_7_5.png,0.446,borderline,78,14,24,43.77
module_energyHeat2_legacy,modules,legacy,legacy,Energy & Heat Module 2,modules/module_energyHeat2_legacy.png,0.446,borderline,67,18,16,67.0
module_rockets3,modules,both,reloaded,Rocket Storage 3,modules/module_rockets3.png,0.446,borderline,58,16,17,71.6
module_resistanceAll11,modules,both,reloaded,Invulnerability Mark I,modules/module_resistanceAll11.png,0.452,ok,38,27,39,12.57
module_bulletsRockets_3_4,modules,both,reloaded,Bullet & Rocket Storage 9,modules/module_bulletsRockets_3_4.png,0.457,ok,81,14,24,45.45
module_bulletsRockets_4_3,modules,both,reloaded,,modules/module_bulletsRockets_4_3.png,0.457,ok,81,14,24,45.45
module_bulletsRockets_5_8,modules,both,reloaded,Combiner Storage Mark B-I,modules/module_bulletsRockets_5_8.png,0.457,ok,81,14,24,45.45
module_bulletsRockets_6_7,modules,both,reloaded,,modules/module_bulletsRockets_6_7.png,0.457,ok,81,14,24,45.45
module_bulletsRockets_7_6,modules,both,reloaded,,modules/module_bulletsRockets_7_6.png,0.457,ok,81,14,24,45.45
module_bulletsRockets_8_5,modules,both,reloaded,Combiner Storage Mark A-1,modules/module_bulletsRockets_8_5.png,0.457,ok,81,14,24,45.45
module_resistanceAll12,modules,both,reloaded,Multi Resistance Module,modules/module_resistanceAll12.png,0.457,ok,39,28,39,12.9
module_HP13,modules,both,reloaded,Platinum Skeleton III,modules/module_HP13.png,0.462,ok,64,19,16,64.06
module_energy7,modules,reloaded,reloaded,Energy Module 7,modules/module_energy7.png,0.464,ok,70,20,14,70.0
module_bulletsRockets_4_4,modules,both,reloaded,Bullet & Rocket Storage 10,modules/module_bulletsRockets_4_4.png,0.467,ok,84,14,24,47.13
module_bulletsRockets_6_8,modules,both,reloaded,Combiner Storage Mark B-II,modules/module_bulletsRockets_6_8.png,0.467,ok,84,14,24,47.13
module_bulletsRockets_7_7,modules,both,reloaded,,modules/module_bulletsRockets_7_7.png,0.467,ok,84,14,24,47.13
module_bulletsRockets_8_6,modules,both,reloaded,Combiner Storage Mark A-II,modules/module_bulletsRockets_8_6.png,0.467,ok,84,14,24,47.13
module_mixed1,modules,reloaded,reloaded,Regeneration & Cooldown Module 1,modules/module_mixed1.png,0.467,ok,58,22,17,58.06
module_resistanceAll13,modules,both,reloaded,,modules/module_resistanceAll13.png,0.467,ok,40,29,39,13.23
module_heat7,modules,both,reloaded,Heat Module 7,modules/module_heat7.png,0.474,ok,69,20,15,69.0
module_mixed1_legacy,modules,legacy,legacy,Regeneration & Cooldown Module 1,modules/module_mixed1_legacy.png,0.474,ok,58,22,18,58.06
module_resistanceAll14,modules,both,reloaded,,modules/module_resistanceAll14.png,0.474,ok,41,30,39,13.57
module_rockets4,modules,both,reloaded,Rocket Storage 4,modules/module_rockets4.png,0.474,ok,61,16,17,75.31
module_HP14,modules,both,reloaded,,modules/module_HP14.png,0.477,ok,68,20,16,68.07
module_bulletsRockets_7_8,modules,both,reloaded,Combiner Storage Mark B-III,modules/module_bulletsRockets_7_8.png,0.482,ok,87,14,24,48.82
module_bulletsRockets_8_7,modules,both,reloaded,Combiner Storage Mark A-III,modules/module_bulletsRockets_8_7.png,0.482,ok,87,14,24,48.82
module_energy14,modules,reloaded,reloaded,Energy Generator IV,modules/module_energy14.png,0.482,ok,50,13,31,64.57
module_rockets5,modules,both,reloaded,Rocket Storage 5,modules/module_rockets5.png,0.485,ok,64,16,17,79.01
module_resistanceAll15,modules,both,reloaded,,modules/module_resistanceAll15.png,0.487,ok,42,31,39,13.9
module_HP15,modules,both,reloaded,,modules/module_HP15.png,0.497,ok,71,20,16,71.07
module_bulletsRockets_8_8,modules,both,reloaded,Combiner Storage Mark IV,modules/module_bulletsRockets_8_8.png,0.5,ok,90,14,24,50.5
module_resistanceAll16,modules,both,reloaded,,modules/module_resistanceAll16.png,0.505,ok,43,32,39,14.23
module_energy7_legacy,modules,legacy,legacy,Energy Module 7,modules/module_energy7_legacy.png,0.513,ok,69,20,17,69.0
module_HP4,modules,reloaded,reloaded,Armor Plating 4,modules/module_HP4.png,0.515,ok,46,33,25,46.0
module_heat5,modules,reloaded,reloaded,Heat module 5,modules/module_heat5.png,0.518,ok,58,19,25,58.03
module_resistanceAll17,modules,both,reloaded,,modules/module_resistanceAll17.png,0.518,ok,44,33,39,14.56
module_heat3_legacy,modules,legacy,legacy,Heat Module 3,modules/module_heat3_legacy.png,0.52,ok,75,25,15,75.0
module_energy5,modules,reloaded,reloaded,Energy module 5,modules/module_energy5.png,0.523,ok,58,18,28,58.06
module_resistanceAll18,modules,both,reloaded,,modules/module_resistanceAll18.png,0.528,ok,45,34,39,14.89
module_energyHeat6,modules,reloaded,reloaded,Energy & Heat Module 7,modules/module_energyHeat6.png,0.536,ok,71,30,16,71.0
module_mixed2,modules,reloaded,reloaded,Regeneration & Cooldown Module 3,modules/module_mixed2.png,0.536,ok,68,24,18,68.07
module_energy103,modules,reloaded,reloaded,Electron Field III,modules/module_energy103.png,0.538,ok,47,26,30,47.0
module_heat11_legacy,modules,legacy,legacy,Heat Module 11,modules/module_heat11_legacy.png,0.538,ok,63,23,19,63.0
module_energy11_legacy,modules,legacy,legacy,Energy Generator I,modules/module_energy11_legacy.png,0.541,ok,63,23,20,63.0
module_rockets6,modules,both,reloaded,Rocket Storage 6,modules/module_rockets6.png,0.546,ok,62,24,17,76.54
module_mixed2_legacy,modules,legacy,legacy,Regeneration & Cooldown Module 3,modules/module_mixed2_legacy.png,0.548,ok,68,24,19,68.07
module_heat103,modules,reloaded,reloaded,Heat Control Mark III,modules/module_heat103.png,0.554,ok,44,26,33,44.02
module_rockets11,modules,both,reloaded,Mega Rocket Storage I,modules/module_rockets11.png,0.554,ok,65,24,17,80.25
module_rockets7,modules,both,reloaded,Rocket Storage 7,modules/module_rockets7.png,0.554,ok,65,24,17,80.25
module_energy12,modules,reloaded,reloaded,Energy Generator II,modules/module_energy12.png,0.559,ok,55,16,31,71.02
module_energy3_legacy,modules,legacy,legacy,Energy Module 3,modules/module_energy3_legacy.png,0.559,ok,75,25,17,75.0
module_rockets12,modules,both,reloaded,Mega Rocket Storage II,modules/module_rockets12.png,0.559,ok,68,24,17,83.95
module_rockets8,modules,both,reloaded,Rocket Storage 8,modules/module_rockets8.png,0.559,ok,68,24,17,83.95
module_energy104,modules,reloaded,reloaded,Electron Field IV,modules/module_energy104.png,0.561,ok,49,27,31,49.0
module_heat104,modules,reloaded,reloaded,Heat Control Mark IV,modules/module_heat104.png,0.564,ok,45,27,33,45.02
module_energy105,modules,reloaded,reloaded,,modules/module_energy105.png,0.571,ok,50,28,31,50.0
module_energyHeat11_legacy,modules,legacy,legacy,Energy & Heat Booster I,modules/module_energyHeat11_legacy.png,0.577,ok,75,28,18,75.0
module_heat105,modules,reloaded,reloaded,,modules/module_heat105.png,0.577,ok,46,28,33,46.02
module_rockets13,modules,both,reloaded,Mega Rocket Storage III,modules/module_rockets13.png,0.582,ok,71,24,17,87.65
module_rockets9,modules,both,reloaded,Rocket Storage 9,modules/module_rockets9.png,0.582,ok,71,24,17,87.65
module_energy8,modules,reloaded,reloaded,Energy module 8,modules/module_energy8.png,0.584,ok,86,33,14,86.0
module_heat12_legacy,modules,legacy,legacy,Engine Booster I,modules/module_heat12_legacy.png,0.584,ok,75,27,19,75.0
module_energy12_legacy,modules,legacy,legacy,Energy Generator II,modules/module_energy12_legacy.png,0.587,ok,75,27,20,75.0
module_energyHeat6_legacy,modules,legacy,legacy,Energy & Heat Module 7,modules/module_energyHeat6_legacy.png,0.587,ok,71,30,19,71.0
module_heat13,modules,reloaded,reloaded,Engine Booster II,modules/module_heat13.png,0.587,ok,60,20,29,60.03
module_energyHeat11,modules,reloaded,reloaded,Energy & Heat Booster I,modules/module_energyHeat11.png,0.589,ok,75,28,19,75.0
module_rockets10,modules,both,reloaded,Rocket Storage 10,modules/module_rockets10.png,0.592,ok,74,24,17,91.36
module_rockets14,modules,both,reloaded,,modules/module_rockets14.png,0.592,ok,74,24,17,91.36
module_heat8,modules,both,reloaded,Heat Module 8,modules/module_heat8.png,0.594,ok,86,33,15,86.0
module_resistanceAll2,modules,reloaded,reloaded,Multi Resistance Module,modules/module_resistanceAll2.png,0.597,ok,56,32,29,56.06
module_rockets15,modules,both,reloaded,,modules/module_rockets15.png,0.597,ok,77,24,17,95.06
module_HP5,modules,reloaded,reloaded,Armor Plating 5,modules/module_HP5.png,0.602,ok,54,38,29,54.0
module_regularEnergyHeatCap5,modules,reloaded,reloaded,,modules/module_regularEnergyHeatCap5.png,0.602,ok,54,23,33,54.0
module_energy4_legacy,modules,legacy,legacy,Energy Module 4,modules/module_energy4_legacy.png,0.605,ok,84,29,17,84.0
module_resistanceAll3,modules,reloaded,reloaded,Multi Resistance Module,modules/module_resistanceAll3.png,0.605,ok,57,33,29,57.06
module_heat13_legacy,modules,legacy,legacy,Engine Booster II,modules/module_heat13_legacy.png,0.615,ok,79,29,19,79.0
module_heat4_legacy,modules,legacy,legacy,Heat module 4,modules/module_heat4_legacy.png,0.615,ok,91,31,15,91.0
module_energy13_legacy,modules,legacy,legacy,Energy Module 13,modules/module_energy13_legacy.png,0.617,ok,79,29,20,79.0
module_resistanceAll4,modules,reloaded,reloaded,Multi Resistance Module,modules/module_resistanceAll4.png,0.622,ok,58,34,29,58.06
module_energy8_legacy,modules,legacy,legacy,Energy module 8,modules/module_energy8_legacy.png,0.633,ok,86,33,17,86.0
module_energyHeat3,modules,legacy,legacy,Energy & Heat Module 3,modules/module_energyHeat3.png,0.633,ok,84,31,19,84.04
module_mixed3,modules,reloaded,reloaded,Regeneration & Cooldown Module 4,modules/module_mixed3.png,0.638,ok,87,30,18,87.09
module_superEnergyHeatCapReg4,modules,reloaded,reloaded,,modules/module_superEnergyHeatCapReg4.png,0.64,ok,70,21,31,70.0
module_energy13,modules,reloaded,reloaded,Energy Module 13,modules/module_energy13.png,0.648,ok,59,19,32,76.19
module_resistanceAll5,modules,reloaded,reloaded,Multi Resistance Module,modules/module_resistanceAll5.png,0.648,ok,59,35,29,59.06
module_mixed3_legacy,modules,legacy,legacy,Regeneration & Cooldown Module 4,modules/module_mixed3_legacy.png,0.651,ok,87,30,19,87.09
module_heat5_legacy,modules,legacy,legacy,Heat module 5,modules/module_heat5_legacy.png,0.653,ok,101,35,15,101.0
module_energy9,modules,reloaded,reloaded,Energy module 9,modules/module_energy9.png,0.658,ok,109,40,14,109.0
module_energyHeat7,modules,reloaded,reloaded,Energy & Heat Module 9,modules/module_energyHeat7.png,0.658,ok,99,38,16,99.0
module_superEnergyHeatCap5,modules,reloaded,reloaded,,modules/module_superEnergyHeatCap5.png,0.658,ok,61,19,35,61.0
module_energyHeat4,modules,reloaded,reloaded,Energy & Heat Module 4,modules/module_energyHeat4.png,0.663,ok,107,38,16,107.0
module_heat9,modules,both,reloaded,Heat Module 9,modules/module_heat9.png,0.668,ok,109,40,15,109.0
module_mixed4,modules,reloaded,reloaded,Regeneration & Cooldown Module 5,modules/module_mixed4.png,0.684,ok,95,34,18,95.1
module_energy5_legacy,modules,legacy,legacy,Energy module 5,modules/module_energy5_legacy.png,0.691,ok,100,35,17,100.0
module_mixed4_legacy,modules,legacy,legacy,Regeneration & Cooldown Module 5,modules/module_mixed4_legacy.png,0.696,ok,95,34,19,95.1
module_energyHeat5,modules,reloaded,reloaded,Energy & Heat Module 5,modules/module_energyHeat5.png,0.704,ok,124,45,16,124.0
module_energy9_legacy,modules,legacy,legacy,Energy module 9,modules/module_energy9_legacy.png,0.707,ok,109,40,17,109.0
module_heat10_legacy,modules,legacy,legacy,Heat Module 10,modules/module_heat10_legacy.png,0.707,ok,126,47,15,126.0
module_energyHeat7_legacy,modules,legacy,legacy,Energy & Heat Module 9,modules/module_energyHeat7_legacy.png,0.709,ok,99,38,19,99.0
module_superEnergyHeatCap4,modules,reloaded,reloaded,,modules/module_superEnergyHeatCap4.png,0.712,ok,73,22,35,73.0
module_energyHeat4_legacy,modules,legacy,legacy,Energy & Heat Module 4,modules/module_energyHeat4_legacy.png,0.714,ok,107,38,19,107.0
module_energyHeat8,modules,reloaded,reloaded,Energy & Heat Module 10,modules/module_energyHeat8.png,0.724,ok,131,54,16,131.0
module_heat14_legacy,modules,legacy,legacy,Engine Booster III,modules/module_heat14_legacy.png,0.735,ok,103,43,19,103.0
module_energy14_legacy,modules,legacy,legacy,Energy Generator IV,modules/module_energy14_legacy.png,0.737,ok,103,43,20,103.0
module_energy15,modules,reloaded,reloaded,,modules/module_energy15.png,0.737,ok,114,47,18,114.0
module_energyHeat9,modules,reloaded,reloaded,Energy & Heat Module 11,modules/module_energyHeat9.png,0.737,ok,155,62,16,155.0
module_energy10_legacy,modules,legacy,legacy,Energy Module 10,modules/module_energy10_legacy.png,0.745,ok,126,47,17,126.0
module_superEnergyHeatCapReg5,modules,reloaded,reloaded,,modules/module_superEnergyHeatCapReg5.png,0.745,ok,82,29,32,82.0
module_heat15,modules,both,reloaded,,modules/module_heat15.png,0.75,ok,113,47,19,113.06
module_energy15_legacy,modules,legacy,legacy,,modules/module_energy15_legacy.png,0.753,ok,113,47,20,113.0
module_energyHeat10,modules,reloaded,reloaded,Energy & Heat Module 12,modules/module_energyHeat10.png,0.753,ok,175,72,16,175.0
module_energyHeat12,modules,reloaded,reloaded,Energy & Heat Booster II,modules/module_energyHeat12.png,0.753,ok,114,47,20,114.0
module_energyHeat5_legacy,modules,legacy,legacy,Energy & Heat Module 5,modules/module_energyHeat5_legacy.png,0.755,ok,124,45,19,124.0
module_energyHeat12_legacy,modules,legacy,legacy,Energy & Heat Booster II,modules/module_energyHeat12_legacy.png,0.763,ok,114,47,22,114.0
module_resistanceElectricHP4,modules,reloaded,reloaded,,modules/module_resistanceElectricHP4.png,0.763,ok,77,31,35,77.08
module_resistanceExplosiveHP4,modules,reloaded,reloaded,,modules/module_resistanceExplosiveHP4.png,0.763,ok,78,31,34,78.08
module_resistancePhysicalHP4,modules,reloaded,reloaded,,modules/module_resistancePhysicalHP4.png,0.773,ok,79,31,35,79.08
module_energyHeat8_legacy,modules,legacy,legacy,Energy & Heat Module 10,modules/module_energyHeat8_legacy.png,0.776,ok,131,54,19,131.0
module_energyHeat9_legacy,modules,legacy,legacy,Energy & Heat Module 11,modules/module_energyHeat9_legacy.png,0.788,ok,155,62,19,155.0
module_energyHeat13,modules,reloaded,reloaded,Energy & Heat Booster III,modules/module_energyHeat13.png,0.791,ok,144,65,21,144.0
module_energyHeat10_legacy,modules,legacy,legacy,Energy & Heat Module 12,modules/module_energyHeat10_legacy.png,0.804,ok,175,72,19,175.0
module_energyHeat14,modules,reloaded,reloaded,,modules/module_energyHeat14.png,0.806,ok,164,73,21,164.0
module_energyHeat15,modules,reloaded,reloaded,,modules/module_energyHeat15.png,0.819,ok,184,81,21,184.0
module_energyHeat13_legacy,modules,legacy,legacy,Energy & Heat Booster III,modules/module_energyHeat13_legacy.png,0.834,ok,144,65,24,144.0
module_resistanceElectricHP5,modules,reloaded,reloaded,,modules/module_resistanceElectricHP5.png,0.834,ok,84,42,39,84.08
module_resistanceExplosiveHP5,modules,reloaded,reloaded,,modules/module_resistanceExplosiveHP5.png,0.837,ok,85,42,38,85.09
module_resistancePhysicalHP5,modules,reloaded,reloaded,,modules/module_resistancePhysicalHP5.png,0.847,ok,86,42,39,86.09
module_energyHeat14_legacy,modules,legacy,legacy,,modules/module_energyHeat14_legacy.png,0.849,ok,164,73,24,164.0
module_energyHeat15_legacy,modules,legacy,legacy,,modules/module_energyHeat15_legacy.png,0.862,ok,184,81,24,184.0
module_superEnergyHeatReg4,modules,reloaded,reloaded,,modules/module_superEnergyHeatReg4.png,0.87,ok,87,46,40,87.04
module_resistanceAllHP4,modules,reloaded,reloaded,,modules/module_resistanceAllHP4.png,0.872,ok,88,41,44,88.09
module_superEnergyHeatReg5,modules,reloaded,reloaded,,modules/module_superEnergyHeatReg5.png,0.893,ok,89,48,40,89.04
module_resistanceAllHP5,modules,reloaded,reloaded,,modules/module_resistanceAllHP5.png,0.908,ok,93,50,48,93.09
perk_goldMech,perks,both,reloaded,,perks/perk_goldMech.png,0.0,outdated,8,1,6,8.0
perk_mythMech,perks,both,reloaded,,perks/perk_mythMech.png,0.0,outdated,8,1,6,8.0
perk_snowBalls,perks,reloaded,reloaded,,perks/perk_snowBalls.png,0.0,outdated,11,10,6,11.0
perk_sizeDwarf,perks,both,reloaded,,perks/perk_sizeDwarf.png,0.5,ok,16,0,4,16.0
perk_sizeGiant,perks,both,reloaded,,perks/perk_sizeGiant.png,0.5,ok,16,0,6,16.0
shield1B,shields,both,reloaded,Heat Shield Mark 1,shields/shield1B.png,0.142,outdated,15,4,9,15.02
shield1A,shields,both,reloaded,Energy Shield Mark 1,shields/shield1A.png,0.149,outdated,15,4,10,15.02
shield5B,shields,both,reloaded,Heat Shield Mark 5,shields/shield5B.png,0.3,borderline,24,9,12,24.02
shield5A,shields,both,reloaded,Adv. Energy Shield Mark 9,shields/shield5A.png,0.314,borderline,24,9,13,24.02
shield2B,shields,both,reloaded,Adv. Heat Shield Mark 4,shields/shield2B.png,0.365,borderline,33,6,9,33.03
shield2A,shields,both,reloaded,Adv. Energy Shield Mark 3,shields/shield2A.png,0.407,borderline,35,8,10,35.04
shield3B,shields,both,reloaded,Adv. Heat Shield Mark 6,shields/shield3B.png,0.496,ok,47,8,10,47.05
shield4B,shields,both,reloaded,Heat Shield Mark 4,shields/shield4B.png,0.546,ok,57,10,10,57.06
shield3A,shields,both,reloaded,Adv. Energy Shield Mark 6,shields/shield3A.png,0.548,ok,50,11,11,50.0
shield4A,shields,both,reloaded,Energy Shield Mark 4,shields/shield4A.png,0.569,ok,58,11,11,58.06
shield6B,shields,both,reloaded,Adv. Heat Shield Mark 11,shields/shield6B.png,0.619,ok,48,17,12,48.05
shield7B,shields,both,reloaded,Adv. Heat Shield Mark 13,shields/shield7B.png,0.657,ok,56,17,13,56.06
shield9B,shields,both,reloaded,Adv. Heat Shield Mark 15,shields/shield9B.png,0.657,ok,59,16,13,59.06
shield6A,shields,both,reloaded,Energy Shield Mark 6,shields/shield6A.png,0.677,ok,52,21,13,52.05
shield8B,shields,both,reloaded,Adv. Heat Shield Mark 14,shields/shield8B.png,0.688,ok,59,20,13,59.06
shield9A,shields,both,reloaded,Adv. Energy Shield Mark 15,shields/shield9A.png,0.693,ok,61,18,14,61.06
shield7A,shields,both,reloaded,Adv. Energy Shield Mark 12,shields/shield7A.png,0.71,ok,60,21,14,60.06
shield8A,shields,both,reloaded,Adv. Energy Shield Mark 14,shields/shield8A.png,0.739,ok,65,26,14,65.07
hand1A,side_weapons,both,reloaded,,side_weapons/hand1A.png,0.003,outdated,4,3,3,3.58
laser1000,side_weapons,both,reloaded,GOD MODE,side_weapons/laser1000.png,0.003,outdated,9,3,7,3.49
machineGun8A_legacy,side_weapons,legacy,legacy,,side_weapons/machineGun8A_legacy.png,0.02,outdated,9,2,9,9.61
rocketLauncher1A,side_weapons,both,reloaded,,side_weapons/rocketLauncher1A.png,0.032,outdated,8,0,7,13.79
hand1B,side_weapons,both,reloaded,,side_weapons/hand1B.png,0.035,outdated,9,8,3,6.19
rocketLauncher27A,side_weapons,both,reloaded,,side_weapons/rocketLauncher27A.png,0.036,outdated,11,1,10,16.48
shieldWeapon1,side_weapons,both,reloaded,,side_weapons/shieldWeapon1.png,0.039,outdated,18,0,13,7.42
shotgun2A,side_weapons,both,reloaded,Piercing Shotgun Mark III,side_weapons/shotgun2A.png,0.041,outdated,14,2,10,17.57
shotgun2B,side_weapons,both,reloaded,Electro Piercing Shotgun,side_weapons/shotgun2B.png,0.042,outdated,15,3,10,17.04
blaster11A,side_weapons,both,reloaded,Lava,side_weapons/blaster11A.png,0.043,outdated,12,2,9,18.21
rocketLauncher27B,side_weapons,both,reloaded,,side_weapons/rocketLauncher27B.png,0.043,outdated,12,1,11,16.07
machineGun8B_legacy,side_weapons,legacy,legacy,Iron Shredder,side_weapons/machineGun8B_legacy.png,0.047,outdated,14,3,13,10.57
laser1001A,side_weapons,both,reloaded,ARMOR TANK,side_weapons/laser1001A.png,0.048,outdated,14,3,12,14.01
laser1001B,side_weapons,both,reloaded,ARMOR TANK,side_weapons/laser1001B.png,0.048,outdated,14,3,12,14.01
blaster11B,side_weapons,both,reloaded,Lava,side_weapons/blaster11B.png,0.049,outdated,14,4,9,18.71
machineGun8A,side_weapons,reloaded,reloaded,,side_weapons/machineGun8A.png,0.05,outdated,12,3,12,15.84
grenadeLauncher2A,side_weapons,both,reloaded,Grenade launcher Mark III,side_weapons/grenadeLauncher2A.png,0.068,outdated,16,7,11,17.26
laser33A,side_weapons,both,reloaded,Pitchfork,side_weapons/laser33A.png,0.073,outdated,13,7,11,19.22
blaster17,side_weapons,both,reloaded,FireWall,side_weapons/blaster17.png,0.077,outdated,16,6,12,20.06
cannon6A,side_weapons,both,reloaded,Demolisher Mark I,side_weapons/cannon6A.png,0.079,outdated,16,9,6,18.29
laser39A_legacy,side_weapons,legacy,legacy,Safe Shot,side_weapons/laser39A_legacy.png,0.08,outdated,17,6,12,19.97
sideRifle3D,side_weapons,reloaded,reloaded,,side_weapons/sideRifle3D.png,0.084,outdated,16,1,16,15.19
blaster16A,side_weapons,both,reloaded,Death Punch Mark I,side_weapons/blaster16A.png,0.086,outdated,18,8,11,18.13
grenadeLauncher2B,side_weapons,both,reloaded,Grenade launcher Mark III,side_weapons/grenadeLauncher2B.png,0.087,outdated,18,9,11,16.3
machineGun8A2,side_weapons,reloaded,reloaded,,side_weapons/machineGun8A2.png,0.088,outdated,16,5,14,21.12
machineGun8A3,side_weapons,reloaded,reloaded,,side_weapons/machineGun8A3.png,0.088,outdated,16,5,14,21.12
laser15,side_weapons,both,reloaded,Light Gauss Rifle,side_weapons/laser15.png,0.091,outdated,18,3,14,21.12
blaster4A,side_weapons,both,reloaded,Red Lookout,side_weapons/blaster4A.png,0.097,outdated,19,9,11,18.93
blaster5A,side_weapons,both,reloaded,Blue Lookout,side_weapons/blaster5A.png,0.097,outdated,19,9,11,18.93
rocketLauncher4,side_weapons,both,reloaded,Heavy Gauss Rifle,side_weapons/rocketLauncher4.png,0.099,outdated,16,3,16,19.24
shotgun2A2,side_weapons,both,reloaded,Piercing Shotgun Mark II,side_weapons/shotgun2A2.png,0.099,outdated,18,4,13,22.59
sideGrenadeLauncher1C,side_weapons,reloaded,reloaded,,side_weapons/sideGrenadeLauncher1C.png,0.099,outdated,18,10,10,19.41
sideGrenadeLauncher3C,side_weapons,reloaded,reloaded,,side_weapons/sideGrenadeLauncher3C.png,0.099,outdated,18,10,10,19.41
shotgun3A,side_weapons,both,reloaded,Shotgun Mark I,side_weapons/shotgun3A.png,0.101,outdated,13,2,8,25.17
shotgun2A3,side_weapons,both,reloaded,Piercing Shotgun Mark I,side_weapons/shotgun2A3.png,0.105,outdated,18,4,14,22.59
sideRifle3E,side_weapons,reloaded,reloaded,,side_weapons/sideRifle3E.png,0.106,outdated,19,2,17,13.53
sideRPG3D,side_weapons,reloaded,reloaded,,side_weapons/sideRPG3D.png,0.107,outdated,19,10,11,19.09
blaster12A,side_weapons,both,reloaded,Miniliranium,side_weapons/blaster12A.png,0.108,outdated,16,4,11,24.25
cannon4A,side_weapons,both,reloaded,Small Yellow Lazer,side_weapons/cannon4A.png,0.108,outdated,19,5,15,20.3
rocketLauncher5,side_weapons,both,reloaded,Gauss Rifle,side_weapons/rocketLauncher5.png,0.108,outdated,17,0,16,20.65
laser39B_legacy,side_weapons,legacy,legacy,Sure shot,side_weapons/laser39B_legacy.png,0.11,outdated,19,8,12,20.67
sideRPG2D,side_weapons,reloaded,reloaded,,side_weapons/sideRPG2D.png,0.112,outdated,19,10,12,19.09
sideBlaster3A,side_weapons,reloaded,reloaded,,side_weapons/sideBlaster3A.png,0.114,outdated,17,7,14,22.39
cannon4B,side_weapons,both,reloaded,Medium Yellow Laser,side_weapons/cannon4B.png,0.115,outdated,20,6,15,18.99
shotgun2B2,side_weapons,both,reloaded,Shotgun X Mark II,side_weapons/shotgun2B2.png,0.117,outdated,20,6,13,22.72
shotgun3B,side_weapons,both,reloaded,Shotgun Mark II,side_weapons/shotgun3B.png,0.119,outdated,15,4,8,26.79
cannon4C,side_weapons,both,reloaded,Large Yellow Laser,side_weapons/cannon4C.png,0.121,outdated,21,6,16,14.95
shotgun2B3,side_weapons,both,reloaded,,side_weapons/shotgun2B3.png,0.123,outdated,20,6,14,22.72
machineGun8B,side_weapons,reloaded,reloaded,Iron Shredder,side_weapons/machineGun8B.png,0.126,outdated,21,7,16,15.56
grenadeLauncher2A2,side_weapons,both,reloaded,,side_weapons/grenadeLauncher2A2.png,0.129,outdated,20,9,13,21.57
grenadeLauncher2A3,side_weapons,both,reloaded,Grenade launcher Mark III,side_weapons/grenadeLauncher2A3.png,0.129,outdated,20,9,13,21.57
laser43A,side_weapons,both,reloaded,Mega blaster,side_weapons/laser43A.png,0.13,outdated,21,12,10,17.88
sideGrenadeLauncher1D,side_weapons,reloaded,reloaded,,side_weapons/sideGrenadeLauncher1D.png,0.13,outdated,20,12,10,19.77
sideGrenadeLauncher1E,side_weapons,reloaded,reloaded,,side_weapons/sideGrenadeLauncher1E.png,0.13,outdated,21,12,10,18.19
cannon2A,side_weapons,both,reloaded,Basic Laser,side_weapons/cannon2A.png,0.132,outdated,21,11,12,19.01
laser24A,side_weapons,both,reloaded,Le Gun,side_weapons/laser24A.png,0.138,outdated,19,7,11,25.02
sideSuperBulletCannon1D,side_weapons,reloaded,reloaded,,side_weapons/sideSuperBulletCannon1D.png,0.139,outdated,20,11,10,22.86
shotgun1A,side_weapons,both,reloaded,Electric Shotgun,side_weapons/shotgun1A.png,0.14,outdated,18,7,11,26.01
blaster16B,side_weapons,both,reloaded,Death Punch Mark II,side_weapons/blaster16B.png,0.142,outdated,22,12,11,18.05
laser44A,side_weapons,both,reloaded,Mach Cannon,side_weapons/laser44A.png,0.142,outdated,21,12,12,17.88
flameThrower8B,side_weapons,reloaded,reloaded,Inferno Mark II,side_weapons/flameThrower8B.png,0.145,outdated,23,12,11,15.6
laser33B,side_weapons,both,reloaded,Triton,side_weapons/laser33B.png,0.145,outdated,17,11,11,23.3
shotgun1B,side_weapons,both,reloaded,,side_weapons/shotgun1B.png,0.149,outdated,19,8,11,25.34
laser6,side_weapons,both,reloaded,Roast,side_weapons/laser6.png,0.152,outdated,17,3,15,25.87
machineGun3B_legacy,side_weapons,legacy,legacy,Double Spammer,side_weapons/machineGun3B_legacy.png,0.152,outdated,18,5,14,27.01
cannon6B,side_weapons,both,reloaded,Demolisher Mark II,side_weapons/cannon6B.png,0.156,outdated,21,14,6,18.59
laser16,side_weapons,both,reloaded,Plasma Gun,side_weapons/laser16.png,0.161,outdated,15,3,13,30.0
blaster12B,side_weapons,both,reloaded,Liranium,side_weapons/blaster12B.png,0.162,outdated,20,8,11,26.7
laser39A,side_weapons,reloaded,reloaded,Safe Shot,side_weapons/laser39A.png,0.163,outdated,20,10,14,23.5
flameThrower8B_legacy,side_weapons,legacy,legacy,Inferno Mark II,side_weapons/flameThrower8B_legacy.png,0.164,outdated,22,12,12,21.46
rocketLauncher15A,side_weapons,both,reloaded,Rocket Hand,side_weapons/rocketLauncher15A.png,0.173,outdated,20,5,16,25.23
machineGun3A_legacy,side_weapons,legacy,legacy,Spammer,side_weapons/machineGun3A_legacy.png,0.175,outdated,18,5,14,29.83
grenadeLauncher2B2,side_weapons,both,reloaded,,side_weapons/grenadeLauncher2B2.png,0.178,outdated,23,12,13,20.83
grenadeLauncher2B3,side_weapons,both,reloaded,Grenade launcher Mark III,side_weapons/grenadeLauncher2B3.png,0.178,outdated,23,12,13,20.83
flameThrower8A,side_weapons,reloaded,reloaded,Inferno Mark I,side_weapons/flameThrower8A.png,0.18,outdated,22,12,11,23.5
flameThrower8A_legacy,side_weapons,legacy,legacy,Inferno Mark I,side_weapons/flameThrower8A_legacy.png,0.185,outdated,22,12,12,23.5
shotgun1C,side_weapons,both,reloaded,Shotgun X Mark III,side_weapons/shotgun1C.png,0.185,outdated,22,11,11,24.51
sideBackfireResBreaker1C,side_weapons,reloaded,reloaded,,side_weapons/sideBackfireResBreaker1C.png,0.185,outdated,18,3,18,23.71
sideBulletCannon1B,side_weapons,reloaded,reloaded,,side_weapons/sideBulletCannon1B.png,0.186,outdated,18,9,10,30.28
cannon10A2,side_weapons,both,reloaded,Cooldown Blocker Mark I,side_weapons/cannon10A2.png,0.188,outdated,21,13,15,18.83
cannon10A3,side_weapons,both,reloaded,Regeneration Blocker Mark I,side_weapons/cannon10A3.png,0.188,outdated,21,13,15,18.83
rocketLauncher15B,side_weapons,both,reloaded,Rocket Fist,side_weapons/rocketLauncher15B.png,0.188,outdated,22,6,18,20.55
sideResistanceBreaker3B,side_weapons,reloaded,reloaded,,side_weapons/sideResistanceBreaker3B.png,0.188,outdated,22,12,15,20.66
laser46B,side_weapons,both,reloaded,Red eyes,side_weapons/laser46B.png,0.189,outdated,23,12,15,19.31
sideBulletCannon1C,side_weapons,reloaded,reloaded,,side_weapons/sideBulletCannon1C.png,0.189,outdated,21,9,13,27.15
sideRifle1D,side_weapons,reloaded,reloaded,,side_weapons/sideRifle1D.png,0.189,outdated,24,11,16,16.96
sword6A,side_weapons,both,reloaded,Devastator,side_weapons/sword6A.png,0.189,outdated,25,3,21,4.34
cannon10A,side_weapons,both,reloaded,Armor Breaker Mark I,side_weapons/cannon10A.png,0.198,outdated,21,13,16,18.83
laser21B,side_weapons,both,reloaded,Yelloworm,side_weapons/laser21B.png,0.198,outdated,19,3,15,30.17
laser30A,side_weapons,both,reloaded,Red Rein,side_weapons/laser30A.png,0.198,outdated,19,6,16,28.08
laser32A,side_weapons,both,reloaded,Blue Rein,side_weapons/laser32A.png,0.198,outdated,19,6,16,28.07
machineGun3C_legacy,side_weapons,legacy,legacy,Tripple spammer,side_weapons/machineGun3C_legacy.png,0.198,outdated,21,8,14,28.31
sideShotgun1A,side_weapons,reloaded,reloaded,,side_weapons/sideShotgun1A.png,0.199,outdated,17,5,12,34.0
laser39B,side_weapons,reloaded,reloaded,Sure shot,side_weapons/laser39B.png,0.203,outdated,22,12,14,23.94
laser46A,side_weapons,both,reloaded,Red Firearms,side_weapons/laser46A.png,0.203,outdated,23,12,15,21.39
sideMegaBlaster1C,side_weapons,reloaded,reloaded,,side_weapons/sideMegaBlaster1C.png,0.204,outdated,22,11,15,23.54
sideShotgun2A,side_weapons,reloaded,reloaded,,side_weapons/sideShotgun2A.png,0.205,outdated,17,5,13,34.0
sideShotgun3A,side_weapons,reloaded,reloaded,,side_weapons/sideShotgun3A.png,0.205,outdated,17,5,13,34.0
laser17A,side_weapons,both,reloaded,Sting Cannon,side_weapons/laser17A.png,0.208,outdated,21,9,14,28.87
sideResistanceBreaker2B,side_weapons,reloaded,reloaded,,side_weapons/sideResistanceBreaker2B.png,0.209,outdated,22,12,17,20.66
sword5A,side_weapons,both,reloaded,Dismantler,side_weapons/sword5A.png,0.211,outdated,27,2,22,4.37
flameThrower6,side_weapons,both,reloaded,Shark,side_weapons/flameThrower6.png,0.215,outdated,23,6,17,25.35
flameThrower8B2,side_weapons,reloaded,reloaded,,side_weapons/flameThrower8B2.png,0.215,outdated,26,14,14,17.64
sideFlameThrower2A,side_weapons,reloaded,reloaded,,side_weapons/sideFlameThrower2A.png,0.215,outdated,19,12,15,24.54
laser4B,side_weapons,both,reloaded,Double Plasma Gun,side_weapons/laser4B.png,0.217,outdated,18,3,15,32.04
laser21A,side_weapons,both,reloaded,Yellower,side_weapons/laser21A.png,0.218,outdated,18,2,15,32.48
blaster3A,side_weapons,both,reloaded,Blue Shredder beam,side_weapons/blaster3A.png,0.219,outdated,21,15,8,24.4
blaster3B,side_weapons,both,reloaded,Blue Shredder beam,side_weapons/blaster3B.png,0.219,outdated,21,15,8,24.4
blaster3C,side_weapons,both,reloaded,Yellow Shredder beam,side_weapons/blaster3C.png,0.219,outdated,21,15,8,24.4
shotgun1B2,side_weapons,both,reloaded,,side_weapons/shotgun1B2.png,0.219,outdated,22,9,14,29.35
shotgun1B3,side_weapons,both,reloaded,,side_weapons/shotgun1B3.png,0.219,outdated,22,9,14,29.35
sideEnergyBomb3C,side_weapons,reloaded,reloaded,,side_weapons/sideEnergyBomb3C.png,0.219,outdated,21,9,16,26.72
laser45,side_weapons,both,reloaded,Charged laser,side_weapons/laser45.png,0.221,outdated,25,13,15,19.61
laser4A,side_weapons,both,reloaded,RED Plasma Gun,side_weapons/laser4A.png,0.222,outdated,17,2,15,34.0
shotgun1A2,side_weapons,both,reloaded,Heat Shotgun,side_weapons/shotgun1A2.png,0.222,outdated,21,8,14,30.35
shotgun1A3,side_weapons,both,reloaded,Reinforced Shotgun,side_weapons/shotgun1A3.png,0.222,outdated,21,8,14,30.35
rocketLauncher10A,side_weapons,both,reloaded,Twin Rockets,side_weapons/rocketLauncher10A.png,0.223,outdated,23,5,20,21.09
laser32B,side_weapons,both,reloaded,Termination Electro,side_weapons/laser32B.png,0.233,outdated,23,11,15,25.0
cannon6C,side_weapons,both,reloaded,Demolisher Mark III,side_weapons/cannon6C.png,0.234,outdated,25,18,6,20.7
sword6B,side_weapons,both,reloaded,Hell Force,side_weapons/sword6B.png,0.235,outdated,27,5,23,4.68
sword6C,side_weapons,both,reloaded,Call Of Lightning,side_weapons/sword6C.png,0.235,outdated,27,5,23,4.68
sword6D,side_weapons,both,reloaded,Meteor,side_weapons/sword6D.png,0.235,outdated,27,5,23,4.69
sideSuperBlaster3D,side_weapons,reloaded,reloaded,,side_weapons/sideSuperBlaster3D.png,0.236,outdated,25,15,14,21.73
sideFlameThrower3A,side_weapons,reloaded,reloaded,,side_weapons/sideFlameThrower3A.png,0.238,outdated,20,12,16,25.83
sideSuperRocketLauncher2D,side_weapons,reloaded,reloaded,,side_weapons/sideSuperRocketLauncher2D.png,0.239,outdated,23,12,17,23.2
sideSword3B,side_weapons,reloaded,reloaded,,side_weapons/sideSword3B.png,0.239,outdated,25,4,25,5.76
laser33C,side_weapons,both,reloaded,Pitchfork of Doom ,side_weapons/laser33C.png,0.24,outdated,21,15,11,26.4
sideResistanceBreaker1B,side_weapons,reloaded,reloaded,,side_weapons/sideResistanceBreaker1B.png,0.24,outdated,22,12,18,20.66
laser17B,side_weapons,both,reloaded,Mach 2 Cannon,side_weapons/laser17B.png,0.241,outdated,23,12,12,28.69
sideBlaster3B,side_weapons,reloaded,reloaded,,side_weapons/sideBlaster3B.png,0.241,outdated,23,13,14,24.76
blaster2,side_weapons,both,reloaded,Cooker,side_weapons/blaster2.png,0.246,outdated,20,9,12,35.4
sideEnergyBomb3D,side_weapons,reloaded,reloaded,,side_weapons/sideEnergyBomb3D.png,0.249,outdated,25,12,17,22.94
laser30B,side_weapons,both,reloaded,Termination Heat,side_weapons/laser30B.png,0.254,borderline,23,11,17,25.02
cannon2B,side_weapons,both,reloaded,Basic Double Laser,side_weapons/cannon2B.png,0.257,borderline,28,17,13,18.5
shotgun1C2,side_weapons,both,reloaded,Shotgun X Mark II,side_weapons/shotgun1C2.png,0.259,borderline,25,12,14,27.85
shotgun1C3,side_weapons,both,reloaded,Shotgun X Mark I,side_weapons/shotgun1C3.png,0.259,borderline,25,12,14,27.85
sideShotgun3B,side_weapons,reloaded,reloaded,,side_weapons/sideShotgun3B.png,0.265,borderline,22,6,15,35.2
sideBackfireResBreaker1D,side_weapons,reloaded,reloaded,,side_weapons/sideBackfireResBreaker1D.png,0.269,borderline,25,5,22,22.89
laser1A,side_weapons,both,reloaded,Laser Cannon,side_weapons/laser1A.png,0.27,borderline,20,8,14,40.0
sideRifle2D,side_weapons,reloaded,reloaded,,side_weapons/sideRifle2D.png,0.271,borderline,25,12,19,17.67
sword5B,side_weapons,both,reloaded,Inferno sword,side_weapons/sword5B.png,0.275,borderline,29,4,24,4.69
sword5C,side_weapons,both,reloaded,Crystal sword,side_weapons/sword5C.png,0.275,borderline,29,4,24,4.69
sword5D,side_weapons,both,reloaded,Shockwave,side_weapons/sword5D.png,0.275,borderline,29,4,24,4.69
flameThrower8A2,side_weapons,reloaded,reloaded,,side_weapons/flameThrower8A2.png,0.276,borderline,25,14,14,26.71
machineGun3B,side_weapons,reloaded,reloaded,Double Spammer,side_weapons/machineGun3B.png,0.278,borderline,20,8,18,30.01
rocketLauncher10B,side_weapons,both,reloaded,Quadruplet Rockets,side_weapons/rocketLauncher10B.png,0.278,borderline,27,9,20,20.57
sideRPG3E,side_weapons,reloaded,reloaded,,side_weapons/sideRPG3E.png,0.279,borderline,28,18,11,22.93
sideResistanceBreaker3C,side_weapons,reloaded,reloaded,,side_weapons/sideResistanceBreaker3C.png,0.281,borderline,27,18,14,22.29
sideSuperBulletCannon1E,side_weapons,reloaded,reloaded,,side_weapons/sideSuperBulletCannon1E.png,0.281,borderline,26,16,10,26.34
laser48A2,side_weapons,reloaded,reloaded,,side_weapons/laser48A2.png,0.282,borderline,23,9,17,30.51
rocketLauncher14A,side_weapons,both,reloaded,Rocketeer,side_weapons/rocketLauncher14A.png,0.283,borderline,25,7,19,25.21
cannon8A,side_weapons,reloaded,reloaded,Demolisher Mark III,side_weapons/cannon8A.png,0.286,borderline,25,13,14,29.16
cannon8A_legacy,side_weapons,legacy,legacy,Demolisher Mark III,side_weapons/cannon8A_legacy.png,0.286,borderline,25,13,14,29.16
sideRPG2E,side_weapons,reloaded,reloaded,,side_weapons/sideRPG2E.png,0.286,borderline,28,18,12,22.99
machineGun5A,side_weapons,both,reloaded,Minigun,side_weapons/machineGun5A.png,0.288,borderline,25,15,13,27.6
sideSuperRocketLauncher2E,side_weapons,reloaded,reloaded,,side_weapons/sideSuperRocketLauncher2E.png,0.288,borderline,26,14,17,23.2
sideVulcan1D,side_weapons,reloaded,reloaded,,side_weapons/sideVulcan1D.png,0.289,borderline,27,17,13,23.86
laser7A,side_weapons,both,reloaded,Shotgun,side_weapons/laser7A.png,0.29,borderline,18,4,18,36.0
machineGun5B,side_weapons,reloaded,reloaded,Ultimate Gun,side_weapons/machineGun5B.png,0.29,borderline,27,17,13,23.89
sideLaser3C,side_weapons,reloaded,reloaded,,side_weapons/sideLaser3C.png,0.29,borderline,25,14,17,23.95
sideRocketLauncher2C,side_weapons,reloaded,reloaded,,side_weapons/sideRocketLauncher2C.png,0.292,borderline,24,11,18,24.83
sideSword3C,side_weapons,reloaded,reloaded,,side_weapons/sideSword3C.png,0.292,borderline,28,6,28,6.11
sideShotgun2B,side_weapons,reloaded,reloaded,,side_weapons/sideShotgun2B.png,0.293,borderline,23,5,17,36.8
cannon3A,side_weapons,both,reloaded,Dino Rifle,side_weapons/cannon3A.png,0.294,borderline,25,10,17,29.74
sword3A,side_weapons,both,reloaded,Vorpal sword,side_weapons/sword3A.png,0.294,borderline,29,4,27,5.29
laser34A,side_weapons,both,reloaded,Push,side_weapons/laser34A.png,0.295,borderline,24,9,14,38.32
flameThrower1,side_weapons,both,reloaded,Flame Thrower,side_weapons/flameThrower1.png,0.297,borderline,21,7,21,27.59
sword2A,side_weapons,both,reloaded,Skull crusher,side_weapons/sword2A.png,0.297,borderline,29,4,28,5.16
sideSuperSword1E,side_weapons,reloaded,reloaded,,side_weapons/sideSuperSword1E.png,0.298,borderline,31,8,23,5.28
rocketLauncher14B,side_weapons,both,reloaded,Rocketful,side_weapons/rocketLauncher14B.png,0.302,borderline,27,9,19,24.09
sideRocketLauncher2B,side_weapons,reloaded,reloaded,,side_weapons/sideRocketLauncher2B.png,0.304,borderline,22,10,19,27.89
machineGun5B_legacy,side_weapons,legacy,legacy,Ultimate Gun,side_weapons/machineGun5B_legacy.png,0.305,borderline,27,17,13,25.01
cannon10B3,side_weapons,both,reloaded,Regeneration Blocker Mark II,side_weapons/cannon10B3.png,0.307,borderline,27,19,15,21.28
laser43B,side_weapons,both,reloaded,Lava,side_weapons/laser43B.png,0.307,borderline,29,19,11,22.54
machineGun3A,side_weapons,reloaded,reloaded,Spammer,side_weapons/machineGun3A.png,0.31,borderline,20,8,18,33.14
laser18,side_weapons,both,reloaded,Bully,side_weapons/laser18.png,0.311,borderline,24,10,15,34.04
laser48A,side_weapons,reloaded,reloaded,Yellow,side_weapons/laser48A.png,0.313,borderline,23,9,18,30.51
laser48A_legacy,side_weapons,legacy,legacy,Yellow,side_weapons/laser48A_legacy.png,0.313,borderline,23,9,18,30.51
sideShotgun1B,side_weapons,reloaded,reloaded,,side_weapons/sideShotgun1B.png,0.313,borderline,24,6,17,38.41
sideBackfireResBreaker2C,side_weapons,reloaded,reloaded,,side_weapons/sideBackfireResBreaker2C.png,0.314,borderline,22,6,22,28.98
sideBackfireResBreaker3C,side_weapons,reloaded,reloaded,,side_weapons/sideBackfireResBreaker3C.png,0.314,borderline,22,6,22,28.98
sideVulcan1C,side_weapons,reloaded,reloaded,,side_weapons/sideVulcan1C.png,0.316,borderline,26,15,13,29.59
cannon10B,side_weapons,both,reloaded,Armor Breaker Mark II,side_weapons/cannon10B.png,0.317,borderline,27,19,16,21.28
rocketLauncher10C,side_weapons,both,reloaded,Sextuplet Rockets,side_weapons/rocketLauncher10C.png,0.317,borderline,29,11,20,19.4
cannon3C,side_weapons,reloaded,reloaded,,side_weapons/cannon3C.png,0.318,borderline,28,13,16,26.44
laser44B,side_weapons,both,reloaded,Blue Bombardment,side_weapons/laser44B.png,0.318,borderline,29,19,13,22.54
sideResistanceBreaker1C,side_weapons,reloaded,reloaded,,side_weapons/sideResistanceBreaker1C.png,0.319,borderline,27,18,17,22.29
sideSuperSword2D,side_weapons,reloaded,reloaded,,side_weapons/sideSuperSword2D.png,0.319,borderline,30,5,31,6.12
laser7B,side_weapons,both,reloaded,Adv. Shotgun,side_weapons/laser7B.png,0.32,borderline,21,6,18,37.98
sideBackfireResBreaker1E,side_weapons,reloaded,reloaded,,side_weapons/sideBackfireResBreaker1E.png,0.321,borderline,28,7,22,23.67
sideDistanceCloser1C,side_weapons,reloaded,reloaded,,side_weapons/sideDistanceCloser1C.png,0.321,borderline,28,9,20,24.11
blaster15A,side_weapons,both,reloaded,Resistance drainer,side_weapons/blaster15A.png,0.323,borderline,28,20,16,19.79
laser27A,side_weapons,both,reloaded,Machine Gun,side_weapons/laser27A.png,0.323,borderline,23,8,21,27.93
machineGun2,side_weapons,both,reloaded,Mini-Chaingun ,side_weapons/machineGun2.png,0.324,borderline,24,8,17,36.59
sword4A,side_weapons,both,reloaded,Bone crusher,side_weapons/sword4A.png,0.325,borderline,31,5,31,5.72
machineGun8B2,side_weapons,reloaded,reloaded,,side_weapons/machineGun8B2.png,0.326,borderline,29,13,18,21.49
machineGun8B3,side_weapons,reloaded,reloaded,,side_weapons/machineGun8B3.png,0.326,borderline,29,13,18,21.49
sideFlameThrower2B,side_weapons,reloaded,reloaded,,side_weapons/sideFlameThrower2B.png,0.326,borderline,26,17,16,24.18
cannon3B_legacy,side_weapons,legacy,legacy,Saurus Rifle,side_weapons/cannon3B_legacy.png,0.329,borderline,28,13,17,26.44
sideSuperSword1D,side_weapons,reloaded,reloaded,,side_weapons/sideSuperSword1D.png,0.332,borderline,33,5,27,6.94
laser1C,side_weapons,both,reloaded,Laser Cannon v3.0,side_weapons/laser1C.png,0.339,borderline,24,11,15,39.24
machineGun3C,side_weapons,reloaded,reloaded,Tripple spammer,side_weapons/machineGun3C.png,0.34,borderline,23,11,18,31.01
laser27B,side_weapons,both,reloaded,Double Machine Gun,side_weapons/laser27B.png,0.342,borderline,25,10,21,26.63
sideDistanceCloser3C,side_weapons,reloaded,reloaded,,side_weapons/sideDistanceCloser3C.png,0.342,borderline,28,9,22,24.11
sword3B,side_weapons,both,reloaded,Hauteclere,side_weapons/sword3B.png,0.342,borderline,32,7,29,5.84
sword3C,side_weapons,both,reloaded,Blue blood spiller,side_weapons/sword3C.png,0.342,borderline,32,7,29,5.84
sword3D,side_weapons,both,reloaded,Paladins sword,side_weapons/sword3D.png,0.342,borderline,32,7,29,5.84
blaster15B,side_weapons,both,reloaded,Resistance drainer,side_weapons/blaster15B.png,0.344,borderline,29,20,17,17.86
laser48A3,side_weapons,reloaded,reloaded,,side_weapons/laser48A3.png,0.344,borderline,23,9,20,30.51
sword2B,side_weapons,both,reloaded,Electric chain saw,side_weapons/sword2B.png,0.345,borderline,32,7,30,5.69
sword2C,side_weapons,both,reloaded,Durendal,side_weapons/sword2C.png,0.345,borderline,32,7,30,5.68
sword2D,side_weapons,both,reloaded,Butter knife,side_weapons/sword2D.png,0.345,borderline,32,7,30,5.68
laser1B,side_weapons,both,reloaded,Twin Laser Cannon,side_weapons/laser1B.png,0.348,borderline,24,11,15,40.84
sideEnergyHeatBlasterB3D,side_weapons,reloaded,reloaded,,side_weapons/sideEnergyHeatBlasterB3D.png,0.349,borderline,29,16,18,20.33
laser47A,side_weapons,both,reloaded,Red Fiering arms,side_weapons/laser47A.png,0.351,borderline,26,14,17,29.67
machineGun1,side_weapons,both,reloaded,Chaingun,side_weapons/machineGun1.png,0.352,borderline,23,13,12,46.0
machineGun10A,side_weapons,both,reloaded,Lava,side_weapons/machineGun10A.png,0.352,borderline,25,15,15,31.61
laser48B2,side_weapons,reloaded,reloaded,Energy Desolver Mark II,side_weapons/laser48B2.png,0.355,borderline,27,13,17,30.29
laser48A3_legacy,side_weapons,legacy,legacy,,side_weapons/laser48A3_legacy.png,0.357,borderline,23,9,21,30.51
sideSuperSword3E,side_weapons,reloaded,reloaded,,side_weapons/sideSuperSword3E.png,0.359,borderline,34,7,28,7.14
sideDistanceCloser2C,side_weapons,reloaded,reloaded,,side_weapons/sideDistanceCloser2C.png,0.36,borderline,28,9,23,24.11
sideSword2A,side_weapons,reloaded,reloaded,,side_weapons/sideSword2A.png,0.364,borderline,31,7,36,6.16
blaster4B,side_weapons,both,reloaded,Double Red Watch Guard,side_weapons/blaster4B.png,0.365,borderline,28,18,11,31.21
blaster5B,side_weapons,both,reloaded,Double Blue Watch Guard,side_weapons/blaster5B.png,0.365,borderline,28,18,11,31.21
sideRifle1E,side_weapons,reloaded,reloaded,,side_weapons/sideRifle1E.png,0.366,borderline,32,15,19,16.58
sideSuperSword3D,side_weapons,reloaded,reloaded,,side_weapons/sideSuperSword3D.png,0.367,borderline,33,7,30,7.53
laser2A,side_weapons,both,reloaded,Electro I,side_weapons/laser2A.png,0.368,borderline,21,2,21,42.0
sideFlameThrower3B,side_weapons,reloaded,reloaded,,side_weapons/sideFlameThrower3B.png,0.37,borderline,28,18,17,26.03
sideGrenadeLauncher3D,side_weapons,reloaded,reloaded,,side_weapons/sideGrenadeLauncher3D.png,0.371,borderline,26,17,18,24.73
sideDistanceCloser1D,side_weapons,reloaded,reloaded,,side_weapons/sideDistanceCloser1D.png,0.372,borderline,31,12,20,23.28
sideSuperSword2E,side_weapons,reloaded,reloaded,,side_weapons/sideSuperSword2E.png,0.372,borderline,38,3,28,7.49
sideVulcan1E,side_weapons,reloaded,reloaded,,side_weapons/sideVulcan1E.png,0.374,borderline,31,20,12,26.16
laser37A,side_weapons,both,reloaded,Moepifier,side_weapons/laser37A.png,0.375,borderline,26,13,14,41.6
rocketLauncher13,side_weapons,both,reloaded,Launcher,side_weapons/rocketLauncher13.png,0.375,borderline,26,8,19,32.96
sideSword1A,side_weapons,reloaded,reloaded,,side_weapons/sideSword1A.png,0.375,borderline,32,8,34,6.4
sword1A,side_weapons,both,reloaded,Beheader,side_weapons/sword1A.png,0.375,borderline,35,7,31,6.67
laser19,side_weapons,both,reloaded,Back Blow,side_weapons/laser19.png,0.377,borderline,27,14,16,32.46
cannon10B2,side_weapons,both,reloaded,Cooldown Blocker Mark II,side_weapons/cannon10B2.png,0.379,borderline,28,20,18,22.06
sideMegaBlaster1D,side_weapons,reloaded,reloaded,,side_weapons/sideMegaBlaster1D.png,0.379,borderline,29,16,19,21.79
sideEnergyHeatBlasterB2D,side_weapons,reloaded,reloaded,,side_weapons/sideEnergyHeatBlasterB2D.png,0.38,borderline,29,16,20,20.34
laser48A2_legacy,side_weapons,legacy,legacy,,side_weapons/laser48A2_legacy.png,0.382,borderline,23,9,23,30.51
sword4B,side_weapons,both,reloaded,Almace,side_weapons/sword4B.png,0.383,borderline,34,8,33,6.27
sword4C,side_weapons,both,reloaded,Electric butcher,side_weapons/sword4C.png,0.383,borderline,34,8,33,6.27
sideMachineGun1A,side_weapons,reloaded,reloaded,,side_weapons/sideMachineGun1A.png,0.384,borderline,24,14,14,48.0
laser48B,side_weapons,reloaded,reloaded,Caseus,side_weapons/laser48B.png,0.385,borderline,27,13,18,30.29
laser48B_legacy,side_weapons,legacy,legacy,Caseus,side_weapons/laser48B_legacy.png,0.385,borderline,27,13,18,30.29
cannon8A2_legacy,side_weapons,legacy,legacy,,side_weapons/cannon8A2_legacy.png,0.386,borderline,28,14,16,32.66
cannon8A3_legacy,side_weapons,legacy,legacy,,side_weapons/cannon8A3_legacy.png,0.386,borderline,28,14,16,32.66
cannon8B,side_weapons,reloaded,reloaded,Demolisher Mark III,side_weapons/cannon8B.png,0.387,borderline,31,19,14,27.39
sword4D,side_weapons,both,reloaded,Golden sword,side_weapons/sword4D.png,0.388,borderline,34,8,34,6.27
cannon3B,side_weapons,reloaded,reloaded,Saurus Rifle,side_weapons/cannon3B.png,0.39,borderline,30,11,17,33.72
laser2B,side_weapons,both,reloaded,Electro II,side_weapons/laser2B.png,0.391,borderline,23,4,21,42.97
laser38A,side_weapons,both,reloaded,Blue Blast,side_weapons/laser38A.png,0.391,borderline,26,13,15,41.6
sideBlaster2A,side_weapons,reloaded,reloaded,,side_weapons/sideBlaster2A.png,0.393,borderline,21,2,23,42.0
flameThrower1A,side_weapons,reloaded,reloaded,,side_weapons/flameThrower1A.png,0.394,borderline,24,8,23,31.54
sideDistanceCloser3D,side_weapons,reloaded,reloaded,,side_weapons/sideDistanceCloser3D.png,0.394,borderline,31,12,22,23.29
cannon8A2,side_weapons,reloaded,reloaded,,side_weapons/cannon8A2.png,0.397,borderline,28,14,17,32.66
cannon8A3,side_weapons,reloaded,reloaded,,side_weapons/cannon8A3.png,0.397,borderline,28,14,17,32.66
laser27C,side_weapons,both,reloaded,Quadroople Machine Gun,side_weapons/laser27C.png,0.398,borderline,28,13,21,25.62
laser35,side_weapons,both,reloaded,Heat Overflow,side_weapons/laser35.png,0.399,borderline,27,14,14,45.61
sideGrenadeLauncher3E,side_weapons,reloaded,reloaded,,side_weapons/sideGrenadeLauncher3E.png,0.401,borderline,27,17,19,25.27
sideHeatBomb2C,side_weapons,reloaded,reloaded,,side_weapons/sideHeatBomb2C.png,0.401,borderline,25,21,17,29.25
sideResistanceBreaker2C,side_weapons,reloaded,reloaded,,side_weapons/sideResistanceBreaker2C.png,0.402,borderline,28,19,19,23.12
laser41A,side_weapons,both,reloaded,Bright Blast,side_weapons/laser41A.png,0.403,borderline,29,12,21,26.25
laser24B,side_weapons,both,reloaded,Le Double Gun,side_weapons/laser24B.png,0.405,borderline,30,18,12,32.29
sideMegaBlaster1E,side_weapons,reloaded,reloaded,,side_weapons/sideMegaBlaster1E.png,0.405,borderline,34,19,18,19.33
sideMachineGun1B,side_weapons,reloaded,reloaded,,side_weapons/sideMachineGun1B.png,0.406,borderline,25,15,14,50.0
cannon8B_legacy,side_weapons,legacy,legacy,Demolisher Mark III,side_weapons/cannon8B_legacy.png,0.409,borderline,30,18,13,32.07
sideDistanceCloser2D,side_weapons,reloaded,reloaded,,side_weapons/sideDistanceCloser2D.png,0.41,borderline,31,12,23,23.28
sideShotgun1C,side_weapons,reloaded,reloaded,,side_weapons/sideShotgun1C.png,0.411,borderline,28,15,16,36.15
laser48C2,side_weapons,reloaded,reloaded,,side_weapons/laser48C2.png,0.412,borderline,30,15,17,30.7
sideRifle2E,side_weapons,reloaded,reloaded,,side_weapons/sideRifle2E.png,0.415,borderline,33,16,22,17.1
laser48B3,side_weapons,reloaded,reloaded,Heat Desolver Mark II,side_weapons/laser48B3.png,0.416,borderline,27,13,20,30.29
sideEnergyBomb3E,side_weapons,reloaded,reloaded,,side_weapons/sideEnergyBomb3E.png,0.418,borderline,33,20,16,25.22
sideShotgun2C,side_weapons,reloaded,reloaded,,side_weapons/sideShotgun2C.png,0.422,borderline,28,15,17,36.15
sideShotgun3C,side_weapons,reloaded,reloaded,,side_weapons/sideShotgun3C.png,0.422,borderline,28,15,17,36.15
laser48C_legacy,side_weapons,legacy,legacy,Yellow Beam,side_weapons/laser48C_legacy.png,0.423,borderline,29,15,18,29.68
laser48B3_legacy,side_weapons,legacy,legacy,Heat Desolver Mark II,side_weapons/laser48B3_legacy.png,0.429,borderline,27,13,21,30.29
sideSword3A,side_weapons,reloaded,reloaded,,side_weapons/sideSword3A.png,0.432,borderline,35,10,38,6.94
sideEnergyHeatBlasterB3E,side_weapons,reloaded,reloaded,,side_weapons/sideEnergyHeatBlasterB3E.png,0.433,borderline,36,23,17,22.57
sideFlameThrower3C,side_weapons,reloaded,reloaded,,side_weapons/sideFlameThrower3C.png,0.434,borderline,32,24,15,26.94
sword1B,side_weapons,both,reloaded,Joyeuse,side_weapons/sword1B.png,0.434,borderline,38,10,33,7.25
sword1C,side_weapons,both,reloaded,Kusanagi,side_weapons/sword1C.png,0.434,borderline,38,10,33,7.26
sword1D,side_weapons,both,reloaded,Bad yellow sword,side_weapons/sword1D.png,0.434,borderline,38,10,33,7.25
laser32C,side_weapons,both,reloaded,Twin Termination B,side_weapons/laser32C.png,0.436,borderline,33,20,15,28.84
laser48B2_legacy,side_weapons,legacy,legacy,Energy Desolver Mark II,side_weapons/laser48B2_legacy.png,0.437,borderline,27,13,22,30.29
cannon10C,side_weapons,both,reloaded,,side_weapons/cannon10C.png,0.439,borderline,32,24,16,26.34
laser2C,side_weapons,both,reloaded,Electro III,side_weapons/laser2C.png,0.439,borderline,26,9,19,49.75
sideSuperMachineGun1C,side_weapons,reloaded,reloaded,,side_weapons/sideSuperMachineGun1C.png,0.44,borderline,27,10,20,41.18
laser13,side_weapons,both,reloaded,Lava Blaster,side_weapons/laser13.png,0.441,borderline,27,12,18,45.12
laser48C,side_weapons,reloaded,reloaded,Yellow Beam,side_weapons/laser48C.png,0.443,borderline,30,15,18,30.7
rocketLauncher12,side_weapons,both,reloaded,Burnout,side_weapons/rocketLauncher12.png,0.445,borderline,30,11,21,31.03
laser30C,side_weapons,both,reloaded,Twin Termination R,side_weapons/laser30C.png,0.446,borderline,33,20,16,28.85
cannon10C3,side_weapons,both,reloaded,,side_weapons/cannon10C3.png,0.447,borderline,33,25,15,27.16
laser37B,side_weapons,both,reloaded,Blame Blaster,side_weapons/laser37B.png,0.452,ok,30,17,14,41.64
sideMegaBlaster2C,side_weapons,reloaded,reloaded,,side_weapons/sideMegaBlaster2C.png,0.453,ok,30,18,17,32.1
cannon8C,side_weapons,reloaded,reloaded,,side_weapons/cannon8C.png,0.457,ok,37,24,14,27.89
machineGun10B,side_weapons,both,reloaded,Lava,side_weapons/machineGun10B.png,0.46,ok,34,24,15,28.78
sideDistanceCloser1E,side_weapons,reloaded,reloaded,,side_weapons/sideDistanceCloser1E.png,0.466,ok,36,16,20,24.12
laser48C3_legacy,side_weapons,legacy,legacy,,side_weapons/laser48C3_legacy.png,0.467,ok,29,15,21,29.68
laser38B,side_weapons,both,reloaded,Blue Ravenger,side_weapons/laser38B.png,0.469,ok,30,17,15,41.64
sideSword2C,side_weapons,reloaded,reloaded,,side_weapons/sideSword2C.png,0.469,ok,41,11,36,6.82
sideBlaster2C,side_weapons,reloaded,reloaded,,side_weapons/sideBlaster2C.png,0.47,ok,28,9,22,45.24
laser48C3,side_weapons,reloaded,reloaded,,side_weapons/laser48C3.png,0.474,ok,30,15,20,30.7
laser11B,side_weapons,both,reloaded,Double Plasma Rifle,side_weapons/laser11B.png,0.475,ok,28,12,20,42.41
laser48C2_legacy,side_weapons,legacy,legacy,,side_weapons/laser48C2_legacy.png,0.475,ok,29,15,22,29.68
laser5A,side_weapons,both,reloaded,One Barrel BB Gun,side_weapons/laser5A.png,0.475,ok,26,12,19,52.0
sideSuperBlaster3E,side_weapons,reloaded,reloaded,,side_weapons/sideSuperBlaster3E.png,0.476,ok,33,20,19,24.25
cannon8B2,side_weapons,reloaded,reloaded,,side_weapons/cannon8B2.png,0.478,ok,34,20,17,30.04
cannon8B3,side_weapons,reloaded,reloaded,,side_weapons/cannon8B3.png,0.478,ok,34,20,17,30.04
sideBackfireResBreaker3D,side_weapons,reloaded,reloaded,,side_weapons/sideBackfireResBreaker3D.png,0.479,ok,32,10,26,29.3
pushSelfShotgun1C,side_weapons,reloaded,reloaded,,side_weapons/pushSelfShotgun1C.png,0.482,ok,30,21,14,40.45
sideEnergyHeatBlasterB2E,side_weapons,reloaded,reloaded,,side_weapons/sideEnergyHeatBlasterB2E.png,0.483,ok,35,20,21,21.94
cannon8B3_legacy,side_weapons,legacy,legacy,,side_weapons/cannon8B3_legacy.png,0.485,ok,33,19,15,35.28
sideBackfireResBreaker2D,side_weapons,reloaded,reloaded,,side_weapons/sideBackfireResBreaker2D.png,0.485,ok,32,10,27,29.3
flameThrower2,side_weapons,both,reloaded,Flame Thrower v3.0,side_weapons/flameThrower2.png,0.489,ok,32,15,21,29.67
sideDistanceCloser3E,side_weapons,reloaded,reloaded,,side_weapons/sideDistanceCloser3E.png,0.489,ok,36,16,22,24.13
cannon8B2_legacy,side_weapons,legacy,legacy,,side_weapons/cannon8B2_legacy.png,0.495,ok,33,19,16,35.28
laser11A,side_weapons,both,reloaded,Plasma Rifle,side_weapons/laser11A.png,0.495,ok,28,12,20,48.73
sideDistanceCloser2E,side_weapons,reloaded,reloaded,,side_weapons/sideDistanceCloser2E.png,0.505,ok,36,16,23,24.12
laser3,side_weapons,both,reloaded,Soul Drainer,side_weapons/laser3.png,0.506,ok,26,12,22,51.54
flameThrower9A2,side_weapons,both,reloaded,Lava Spray Mark II,side_weapons/flameThrower9A2.png,0.507,ok,37,28,15,29.35
sideLongRangeShotgun1C,side_weapons,reloaded,reloaded,,side_weapons/sideLongRangeShotgun1C.png,0.508,ok,29,16,19,38.11
rocketLauncher17A,side_weapons,reloaded,reloaded,Missile Battery Mark I,side_weapons/rocketLauncher17A.png,0.512,ok,31,10,23,39.61
cannon10C2,side_weapons,both,reloaded,,side_weapons/cannon10C2.png,0.513,ok,34,26,18,27.98
sideBlaster3C,side_weapons,reloaded,reloaded,,side_weapons/sideBlaster3C.png,0.513,ok,36,26,14,33.84
sideMegaBlaster3C,side_weapons,reloaded,reloaded,,side_weapons/sideMegaBlaster3C.png,0.515,ok,30,18,20,32.1
sideBlaster2B,side_weapons,reloaded,reloaded,,side_weapons/sideBlaster2B.png,0.517,ok,28,8,24,52.31
laser47B,side_weapons,both,reloaded,Double Red Fiering arms,side_weapons/laser47B.png,0.518,ok,33,19,19,30.24
machineGun4A,side_weapons,both,reloaded,MaC Gun,side_weapons/machineGun4A.png,0.52,ok,31,16,17,54.87
sideSuperResistanceBreaker3D,side_weapons,reloaded,reloaded,,side_weapons/sideSuperResistanceBreaker3D.png,0.52,ok,37,27,18,25.48
sideBeamCannon1D,side_weapons,reloaded,reloaded,,side_weapons/sideBeamCannon1D.png,0.521,ok,34,7,31,31.96
sideBeamCannon2D,side_weapons,reloaded,reloaded,,side_weapons/sideBeamCannon2D.png,0.521,ok,34,7,31,31.96
sideBeamCannon3D,side_weapons,reloaded,reloaded,,side_weapons/sideBeamCannon3D.png,0.521,ok,34,7,31,31.96
flameThrower4,side_weapons,both,reloaded,Flaming Snake,side_weapons/flameThrower4.png,0.525,ok,31,12,23,37.82
rocketLauncher16A,side_weapons,reloaded,reloaded,Single Barreled Rocket Launcher,side_weapons/rocketLauncher16A.png,0.527,ok,32,18,20,31.93
sideAxe2E,side_weapons,reloaded,reloaded,,side_weapons/sideAxe2E.png,0.527,ok,41,18,33,6.44
flameThrower7B,side_weapons,both,reloaded,Flame Thrower v5.0,side_weapons/flameThrower7B.png,0.528,ok,34,26,22,23.82
sideSword2B,side_weapons,reloaded,reloaded,,side_weapons/sideSword2B.png,0.536,ok,49,11,44,10.57
flameThrower7A,side_weapons,both,reloaded,Flame Thrower v4.0,side_weapons/flameThrower7A.png,0.537,ok,32,23,23,24.52
sideSword1C,side_weapons,reloaded,reloaded,,side_weapons/sideSword1C.png,0.55,ok,46,18,31,9.24
laser42A,side_weapons,both,reloaded,Umpfifier,side_weapons/laser42A.png,0.551,ok,41,28,15,30.85
machineGun11B,side_weapons,both,reloaded,Needle Blaster Mark II,side_weapons/machineGun11B.png,0.551,ok,41,32,10,35.47
flameThrower9A1,side_weapons,both,reloaded,Lava Spray Mark I,side_weapons/flameThrower9A1.png,0.556,ok,38,29,15,33.03
machineGun11A,side_weapons,both,reloaded,Needle Blaster Mark I,side_weapons/machineGun11A.png,0.556,ok,38,29,10,43.24
sideAxe3E,side_weapons,reloaded,reloaded,,side_weapons/sideAxe3E.png,0.557,ok,43,20,32,6.76
sideAxe2D,side_weapons,reloaded,reloaded,,side_weapons/sideAxe2D.png,0.56,ok,42,20,33,7.45
sideAxe1E,side_weapons,reloaded,reloaded,,side_weapons/sideAxe1E.png,0.562,ok,43,19,35,6.76
laser24C,side_weapons,both,reloaded,Le Tre Gun,side_weapons/laser24C.png,0.565,ok,41,29,12,38.53
laser36A,side_weapons,both,reloaded,Big Blue Blast,side_weapons/laser36A.png,0.565,ok,31,9,25,57.66
flameThrower5A,side_weapons,both,reloaded,Blazer,side_weapons/flameThrower5A.png,0.568,ok,31,18,22,36.87
sideAxe3D,side_weapons,reloaded,reloaded,,side_weapons/sideAxe3D.png,0.568,ok,42,20,35,7.45
sideBeamCannon1E,side_weapons,reloaded,reloaded,,side_weapons/sideBeamCannon1E.png,0.568,ok,40,11,31,29.83
sideBeamCannon3E,side_weapons,reloaded,reloaded,,side_weapons/sideBeamCannon3E.png,0.568,ok,40,11,31,29.83
pushSelfShotgun1D,side_weapons,reloaded,reloaded,,side_weapons/pushSelfShotgun1D.png,0.57,ok,39,29,15,35.61
sideBulletSprayer1D,side_weapons,reloaded,reloaded,,side_weapons/sideBulletSprayer1D.png,0.571,ok,45,33,16,29.59
sideSuperResistanceBreaker1D,side_weapons,reloaded,reloaded,,side_weapons/sideSuperResistanceBreaker1D.png,0.572,ok,37,27,22,25.48
cannon8C2,side_weapons,reloaded,reloaded,,side_weapons/cannon8C2.png,0.575,ok,42,27,17,31.66
cannon8C3,side_weapons,reloaded,reloaded,,side_weapons/cannon8C3.png,0.575,ok,42,27,17,31.66
sideAxe1D,side_weapons,reloaded,reloaded,,side_weapons/sideAxe1D.png,0.578,ok,42,20,38,7.45
sideBeamCannon2E,side_weapons,reloaded,reloaded,,side_weapons/sideBeamCannon2E.png,0.579,ok,40,11,33,29.83
rocketLauncher17C,side_weapons,reloaded,reloaded,Missile Battery Mark III,side_weapons/rocketLauncher17C.png,0.58,ok,40,15,26,28.7
sideMegaBlaster2D,side_weapons,reloaded,reloaded,,side_weapons/sideMegaBlaster2D.png,0.58,ok,38,24,21,28.55
machineGun4B,side_weapons,both,reloaded,Lin Gun,side_weapons/machineGun4B.png,0.581,ok,37,22,17,41.8
sideSuperResistanceBreaker2D,side_weapons,reloaded,reloaded,,side_weapons/sideSuperResistanceBreaker2D.png,0.582,ok,39,29,20,26.86
sideBackfireResBreaker3E,side_weapons,reloaded,reloaded,,side_weapons/sideBackfireResBreaker3E.png,0.584,ok,37,14,26,31.28
hammer1A,side_weapons,both,reloaded,Meltdown Hammer,side_weapons/hammer1A.png,0.586,ok,52,26,25,8.47
pushSelfShotgun1E,side_weapons,reloaded,reloaded,,side_weapons/pushSelfShotgun1E.png,0.586,ok,45,34,15,31.5
sideFlameThrower2C,side_weapons,reloaded,reloaded,,side_weapons/sideFlameThrower2C.png,0.587,ok,39,24,18,32.84
sword7A,side_weapons,both,reloaded,Meteor,side_weapons/sword7A.png,0.588,ok,52,20,30,7.87
sideBackfireResBreaker2E,side_weapons,reloaded,reloaded,,side_weapons/sideBackfireResBreaker2E.png,0.59,ok,37,14,27,31.28
flameThrower2A,side_weapons,reloaded,reloaded,,side_weapons/flameThrower2A.png,0.597,ok,36,17,23,33.38
sideLongRangeShotgun2C,side_weapons,reloaded,reloaded,,side_weapons/sideLongRangeShotgun2C.png,0.597,ok,33,18,21,43.37
laser22A,side_weapons,both,reloaded,Big Bertha,side_weapons/laser22A.png,0.598,ok,34,6,29,64.3
rocketLauncher17B,side_weapons,reloaded,reloaded,Missile Battery Mark II,side_weapons/rocketLauncher17B.png,0.601,ok,36,13,25,39.07
laser23A,side_weapons,both,reloaded,Snow white,side_weapons/laser23A.png,0.602,ok,34,6,30,64.3
sideHammer3C,side_weapons,reloaded,reloaded,,side_weapons/sideHammer3C.png,0.605,ok,46,21,36,9.64
sideLongRangeShotgun3C,side_weapons,reloaded,reloaded,,side_weapons/sideLongRangeShotgun3C.png,0.605,ok,33,18,22,43.37
laser22B,side_weapons,both,reloaded,Hot Shot,side_weapons/laser22B.png,0.607,ok,36,8,29,50.66
flameThrower4A,side_weapons,reloaded,reloaded,,side_weapons/flameThrower4A.png,0.608,ok,34,14,25,41.48
sideHammer1C,side_weapons,reloaded,reloaded,,side_weapons/sideHammer1C.png,0.608,ok,46,22,36,9.64
sideSuperMachineGun1D,side_weapons,reloaded,reloaded,,side_weapons/sideSuperMachineGun1D.png,0.608,ok,42,33,12,47.8
laser23B,side_weapons,both,reloaded,Deep Drain,side_weapons/laser23B.png,0.611,ok,36,8,30,50.66
sideMegaBlaster2E,side_weapons,reloaded,reloaded,,side_weapons/sideMegaBlaster2E.png,0.612,ok,46,29,20,26.16
sideHammer2C,side_weapons,reloaded,reloaded,,side_weapons/sideHammer2C.png,0.613,ok,46,22,37,9.64
flameThrower3,side_weapons,both,reloaded,The Dragon,side_weapons/flameThrower3.png,0.614,ok,38,28,17,43.02
hammer1C,side_weapons,both,reloaded,Steel Hammer,side_weapons/hammer1C.png,0.616,ok,54,28,27,8.79
sideBulletSprayer1E,side_weapons,reloaded,reloaded,,side_weapons/sideBulletSprayer1E.png,0.616,ok,50,37,16,30.43
sideSword1B,side_weapons,reloaded,reloaded,,side_weapons/sideSword1B.png,0.619,ok,52,19,37,11.33
flameThrower7A2,side_weapons,reloaded,reloaded,,side_weapons/flameThrower7A2.png,0.62,ok,36,26,26,27.59
hammer1B,side_weapons,both,reloaded,Lightning Hammer,side_weapons/hammer1B.png,0.62,ok,55,28,28,8.95
sideMegaBlaster3D,side_weapons,reloaded,reloaded,,side_weapons/sideMegaBlaster3D.png,0.621,ok,38,24,24,28.55
sideVulcanB1D,side_weapons,reloaded,reloaded,,side_weapons/sideVulcanB1D.png,0.622,ok,41,28,17,40.57
sideLaser2C,side_weapons,reloaded,reloaded,,side_weapons/sideLaser2C.png,0.624,ok,41,30,17,39.28
sideSuperMachineGun1E,side_weapons,reloaded,reloaded,,side_weapons/sideSuperMachineGun1E.png,0.624,ok,47,38,11,40.66
axe1A,side_weapons,both,reloaded,Infernal Axe,side_weapons/axe1A.png,0.627,ok,58,29,27,10.38
rocketLauncher16B,side_weapons,reloaded,reloaded,Single Barreled Rocket Launcher,side_weapons/rocketLauncher16B.png,0.629,ok,39,22,21,33.64
sideVulcanB1C,side_weapons,reloaded,reloaded,,side_weapons/sideVulcanB1C.png,0.63,ok,40,27,17,48.37
axe1C,side_weapons,both,reloaded,Platinum Axe,side_weapons/axe1C.png,0.632,ok,60,29,27,10.74
rocketLauncher29B1,side_weapons,reloaded,reloaded,Devastation Swarm Mark II,side_weapons/rocketLauncher29B1.png,0.637,ok,49,38,15,34.8
sword7B,side_weapons,both,reloaded,Meltdown,side_weapons/sword7B.png,0.64,ok,60,25,35,9.07
flameThrower5B,side_weapons,both,reloaded,Fiery Bites,side_weapons/flameThrower5B.png,0.641,ok,36,22,23,33.91
sideMegaBlaster3E,side_weapons,reloaded,reloaded,,side_weapons/sideMegaBlaster3E.png,0.641,ok,45,29,23,25.59
laser10,side_weapons,both,reloaded,Railgun,side_weapons/laser10.png,0.645,ok,37,12,26,57.96
flameThrower7B2,side_weapons,reloaded,reloaded,,side_weapons/flameThrower7B2.png,0.648,ok,39,30,25,27.32
rocketLauncher29A1,side_weapons,reloaded,reloaded,Devastation Swarm Mark I,side_weapons/rocketLauncher29A1.png,0.649,ok,49,38,15,38.45
sideSuperBlaster2D,side_weapons,reloaded,reloaded,,side_weapons/sideSuperBlaster2D.png,0.649,ok,37,18,22,49.07
laser28A,side_weapons,both,reloaded,Zippy,side_weapons/laser28A.png,0.651,ok,41,30,18,38.77
axe1B,side_weapons,both,reloaded,Electric Axe,side_weapons/axe1B.png,0.653,ok,63,32,29,11.28
sword7C,side_weapons,both,reloaded,Sparks,side_weapons/sword7C.png,0.656,ok,61,25,40,9.23
sword7D,side_weapons,both,reloaded,Meteor,side_weapons/sword7D.png,0.656,ok,61,25,39,9.23
sideSuperBlaster2E,side_weapons,reloaded,reloaded,,side_weapons/sideSuperBlaster2E.png,0.657,ok,39,18,23,42.9
machineGun4C,side_weapons,both,reloaded,WiN Gun,side_weapons/machineGun4C.png,0.658,ok,43,26,18,42.56
sideSuperResistanceBreaker1E,side_weapons,reloaded,reloaded,,side_weapons/sideSuperResistanceBreaker1E.png,0.658,ok,45,34,22,28.78
sideLongRangeShotgun1D,side_weapons,reloaded,reloaded,,side_weapons/sideLongRangeShotgun1D.png,0.66,ok,39,26,21,38.77
sideVulcanB1E,side_weapons,reloaded,reloaded,,side_weapons/sideVulcanB1E.png,0.66,ok,48,34,17,38.58
sideHammer1D,side_weapons,reloaded,reloaded,,side_weapons/sideHammer1D.png,0.661,ok,55,27,40,10.45
laser34B,side_weapons,both,reloaded,Blow Back,side_weapons/laser34B.png,0.664,ok,46,28,17,48.22
sideHammer3D,side_weapons,reloaded,reloaded,,side_weapons/sideHammer3D.png,0.664,ok,56,26,43,10.64
laser42B,side_weapons,both,reloaded,Rail Gun,side_weapons/laser42B.png,0.665,ok,53,39,16,36.46
rocketLauncher29C1,side_weapons,reloaded,reloaded,,side_weapons/rocketLauncher29C1.png,0.667,ok,55,43,15,36.16
wand1A,side_weapons,reloaded,reloaded,,side_weapons/wand1A.png,0.668,ok,67,39,28,10.52
sideHeatBomb2E,side_weapons,reloaded,reloaded,,side_weapons/sideHeatBomb2E.png,0.669,ok,46,41,18,32.44
sideHammer2D,side_weapons,reloaded,reloaded,,side_weapons/sideHammer2D.png,0.67,ok,56,27,44,10.64
rocketLauncher17A_legacy,side_weapons,legacy,legacy,Missile Battery Mark I,side_weapons/rocketLauncher17A_legacy.png,0.675,ok,39,13,29,49.83
laser41B,side_weapons,both,reloaded,Big Bright Blaster,side_weapons/laser41B.png,0.679,ok,45,28,21,32.68
flameThrower5A2,side_weapons,reloaded,reloaded,,side_weapons/flameThrower5A2.png,0.681,ok,35,20,26,41.63
laser5B,side_weapons,both,reloaded,Duel Barrel BB Gun,side_weapons/laser5B.png,0.687,ok,37,23,20,71.42
sideEnergyHeatBlaster3B,side_weapons,reloaded,reloaded,,side_weapons/sideEnergyHeatBlaster3B.png,0.692,ok,34,19,26,52.17
sideSuperResistanceBreaker2E,side_weapons,reloaded,reloaded,,side_weapons/sideSuperResistanceBreaker2E.png,0.692,ok,46,35,23,29.42
sideSuperResistanceBreaker3E,side_weapons,reloaded,reloaded,,side_weapons/sideSuperResistanceBreaker3E.png,0.692,ok,46,35,23,29.42
flameThrower3A,side_weapons,reloaded,reloaded,,side_weapons/flameThrower3A.png,0.698,ok,41,30,19,46.42
rocketLauncher16C,side_weapons,reloaded,reloaded,Quad Barreled Rocket Launcher,side_weapons/rocketLauncher16C.png,0.699,ok,48,32,21,31.84
sideHeatBomb2D,side_weapons,reloaded,reloaded,,side_weapons/sideHeatBomb2D.png,0.707,ok,45,41,20,34.82
rocketLauncher16A_legacy,side_weapons,legacy,legacy,Single Barreled Rocket Launcher,side_weapons/rocketLauncher16A_legacy.png,0.708,ok,40,20,27,39.91
sideEnergyHeatBlaster2B,side_weapons,reloaded,reloaded,,side_weapons/sideEnergyHeatBlaster2B.png,0.711,ok,35,19,27,53.66
sideHammer1E,side_weapons,reloaded,reloaded,,side_weapons/sideHammer1E.png,0.721,ok,69,42,38,11.52
rocketLauncher16B_legacy,side_weapons,legacy,legacy,Single Barreled Rocket Launcher,side_weapons/rocketLauncher16B_legacy.png,0.722,ok,42,21,28,36.23
sideHammer3E,side_weapons,reloaded,reloaded,,side_weapons/sideHammer3E.png,0.722,ok,69,41,40,11.52
rocketLauncher29B1_legacy,side_weapons,legacy,legacy,Devastation Swarm Mark II,side_weapons/rocketLauncher29B1_legacy.png,0.724,ok,51,34,20,36.22
sideHammer2E,side_weapons,reloaded,reloaded,,side_weapons/sideHammer2E.png,0.727,ok,69,42,41,11.52
sword8,side_weapons,both,reloaded,Yoshimo Blade,side_weapons/sword8.png,0.731,ok,96,74,31,14.79
flameThrower9B1,side_weapons,both,reloaded,ColdFire Mark I,side_weapons/flameThrower9B1.png,0.733,ok,48,36,19,41.73
flameThrower9B2,side_weapons,both,reloaded,ColdFire Mark II,side_weapons/flameThrower9B2.png,0.733,ok,50,38,19,39.66
sideLaser2D,side_weapons,reloaded,reloaded,,side_weapons/sideLaser2D.png,0.733,ok,53,42,17,55.45
sideLaser3D,side_weapons,reloaded,reloaded,,side_weapons/sideLaser3D.png,0.733,ok,53,42,17,55.45
sideEnergyHeatBlaster2C,side_weapons,reloaded,reloaded,,side_weapons/sideEnergyHeatBlaster2C.png,0.735,ok,40,25,25,45.71
sideEnergyHeatBlaster3C,side_weapons,reloaded,reloaded,,side_weapons/sideEnergyHeatBlaster3C.png,0.736,ok,40,25,25,45.72
sideLongRangeShotgun1E,side_weapons,reloaded,reloaded,,side_weapons/sideLongRangeShotgun1E.png,0.736,ok,48,33,22,36.85
rocketLauncher29A1_legacy,side_weapons,legacy,legacy,Devastation Swarm Mark I,side_weapons/rocketLauncher29A1_legacy.png,0.737,ok,51,34,20,40.02
sideGrinder1E,side_weapons,reloaded,reloaded,,side_weapons/sideGrinder1E.png,0.741,ok,98,78,29,20.31
sideGrinder3E,side_weapons,reloaded,reloaded,,side_weapons/sideGrinder3E.png,0.741,ok,98,78,29,20.31
flameThrower9C1,side_weapons,both,reloaded,,side_weapons/flameThrower9C1.png,0.743,ok,48,36,20,41.73
flameThrower9C2,side_weapons,both,reloaded,,side_weapons/flameThrower9C2.png,0.743,ok,50,38,20,39.66
sideGrinder2E,side_weapons,reloaded,reloaded,,side_weapons/sideGrinder2E.png,0.745,ok,98,78,30,20.31
rocketLauncher17B_legacy,side_weapons,legacy,legacy,Missile Battery Mark II,side_weapons/rocketLauncher17B_legacy.png,0.747,ok,45,16,32,48.84
rocketLauncher29C1_legacy,side_weapons,legacy,legacy,,side_weapons/rocketLauncher29C1_legacy.png,0.747,ok,55,37,21,36.16
rocketLauncher29B2,side_weapons,reloaded,reloaded,Metal Shredder Mark II,side_weapons/rocketLauncher29B2.png,0.751,ok,60,47,18,42.61
flameThrower5B2,side_weapons,reloaded,reloaded,,side_weapons/flameThrower5B2.png,0.752,ok,42,26,29,39.56
flameThrower9D1,side_weapons,both,reloaded,,side_weapons/flameThrower9D1.png,0.756,ok,48,36,21,41.73
flameThrower9D2,side_weapons,both,reloaded,,side_weapons/flameThrower9D2.png,0.756,ok,50,38,21,39.66
laser28B,side_weapons,both,reloaded,Zappy,side_weapons/laser28B.png,0.76,ok,52,41,18,54.4
rocketLauncher29A2,side_weapons,reloaded,reloaded,Metal Shredder Mark I,side_weapons/rocketLauncher29A2.png,0.762,ok,60,47,18,47.08
rocketLauncher17C_legacy,side_weapons,legacy,legacy,Missile Battery Mark III,side_weapons/rocketLauncher17C_legacy.png,0.771,ok,47,18,32,47.84
pushSelfShotgun2C,side_weapons,reloaded,reloaded,,side_weapons/pushSelfShotgun2C.png,0.78,ok,46,36,21,62.02
sideEnergyHeatBlaster2E,side_weapons,reloaded,reloaded,,side_weapons/sideEnergyHeatBlaster2E.png,0.789,ok,45,28,33,39.0
sideEnergyHeatBlaster3D,side_weapons,reloaded,reloaded,,side_weapons/sideEnergyHeatBlaster3D.png,0.79,ok,44,28,32,40.49
rocketLauncher29C2,side_weapons,reloaded,reloaded,,side_weapons/rocketLauncher29C2.png,0.793,ok,67,52,19,44.05
pushSelfShotgun3C,side_weapons,reloaded,reloaded,,side_weapons/pushSelfShotgun3C.png,0.794,ok,47,37,21,63.37
sideEnergyHeatBlaster2D,side_weapons,reloaded,reloaded,,side_weapons/sideEnergyHeatBlaster2D.png,0.795,ok,44,28,33,40.5
rocketLauncher16C_legacy,side_weapons,legacy,legacy,Quad Barreled Rocket Launcher,side_weapons/rocketLauncher16C_legacy.png,0.798,ok,52,31,28,38.09
sideEnergyHeatBlaster3E,side_weapons,reloaded,reloaded,,side_weapons/sideEnergyHeatBlaster3E.png,0.8,ok,46,29,32,39.9
sideGrinder1D,side_weapons,reloaded,reloaded,,side_weapons/sideGrinder1D.png,0.813,ok,105,82,28,28.13
sideGrinder3D,side_weapons,reloaded,reloaded,,side_weapons/sideGrinder3D.png,0.813,ok,105,82,28,28.13
sideLaser2E,side_weapons,reloaded,reloaded,,side_weapons/sideLaser2E.png,0.817,ok,71,58,18,63.65
sideLaser3E,side_weapons,reloaded,reloaded,,side_weapons/sideLaser3E.png,0.817,ok,71,58,18,63.65
rocketLauncher29B3,side_weapons,reloaded,reloaded,Electric Storm Mark II,side_weapons/rocketLauncher29B3.png,0.818,ok,64,51,22,45.45
sideGrinder2D,side_weapons,reloaded,reloaded,,side_weapons/sideGrinder2D.png,0.819,ok,105,82,29,28.13
laser28C,side_weapons,both,reloaded,Zoppy,side_weapons/laser28C.png,0.82,ok,62,49,20,56.38
sideLongRangeShotgun2D,side_weapons,reloaded,reloaded,,side_weapons/sideLongRangeShotgun2D.png,0.821,ok,53,38,23,52.69
rocketLauncher29A3,side_weapons,reloaded,reloaded,Electric Storm Mark I,side_weapons/rocketLauncher29A3.png,0.833,ok,64,51,22,50.22
sideLongRangeShotgun3D,side_weapons,reloaded,reloaded,,side_weapons/sideLongRangeShotgun3D.png,0.836,ok,53,38,24,52.69
rocketLauncher29B3_legacy,side_weapons,legacy,legacy,Electric Storm Mark II,side_weapons/rocketLauncher29B3_legacy.png,0.844,ok,62,43,25,44.03
pushSelfShotgun2D,side_weapons,reloaded,reloaded,,side_weapons/pushSelfShotgun2D.png,0.845,ok,64,52,22,58.44
rocketLauncher29B2_legacy,side_weapons,legacy,legacy,Metal Shredder Mark II,side_weapons/rocketLauncher29B2_legacy.png,0.851,ok,62,43,26,44.03
sideLongRangeShotgun2E,side_weapons,reloaded,reloaded,,side_weapons/sideLongRangeShotgun2E.png,0.852,ok,63,46,24,48.36
sideLongRangeShotgun3E,side_weapons,reloaded,reloaded,,side_weapons/sideLongRangeShotgun3E.png,0.857,ok,63,46,25,48.36
pushSelfShotgun2E,side_weapons,reloaded,reloaded,,side_weapons/pushSelfShotgun2E.png,0.858,ok,73,60,22,51.09
rocketLauncher29A3_legacy,side_weapons,legacy,legacy,Electric Storm Mark I,side_weapons/rocketLauncher29A3_legacy.png,0.859,ok,62,43,25,48.65
pushSelfShotgun3D,side_weapons,reloaded,reloaded,,side_weapons/pushSelfShotgun3D.png,0.863,ok,64,52,23,58.44
rocketLauncher29A2_legacy,side_weapons,legacy,legacy,Metal Shredder Mark I,side_weapons/rocketLauncher29A2_legacy.png,0.866,ok,62,43,26,48.65
rocketLauncher29C2_legacy,side_weapons,legacy,legacy,,side_weapons/rocketLauncher29C2_legacy.png,0.866,ok,66,46,27,43.39
rocketLauncher29C3_legacy,side_weapons,legacy,legacy,,side_weapons/rocketLauncher29C3_legacy.png,0.872,ok,67,46,28,44.05
pushSelfShotgun3E,side_weapons,reloaded,reloaded,,side_weapons/pushSelfShotgun3E.png,0.875,ok,73,60,23,51.09
rocketLauncher29C3,side_weapons,reloaded,reloaded,,side_weapons/rocketLauncher29C3.png,0.877,ok,73,58,24,47.99
sideSuperBackfireResBreaker1D,side_weapons,reloaded,reloaded,,side_weapons/sideSuperBackfireResBreaker1D.png,0.899,ok,61,40,32,58.47
sideSuperBackfireResBreaker1E,side_weapons,reloaded,reloaded,,side_weapons/sideSuperBackfireResBreaker1E.png,0.903,ok,70,47,34,42.91
sideSuperBackfireResBreaker2D,side_weapons,reloaded,reloaded,,side_weapons/sideSuperBackfireResBreaker2D.png,0.926,ok,66,44,34,63.26
sideSuperBackfireResBreaker3D,side_weapons,reloaded,reloaded,,side_weapons/sideSuperBackfireResBreaker3D.png,0.929,ok,66,44,35,63.26
sideSuperBackfireResBreaker2E,side_weapons,reloaded,reloaded,,side_weapons/sideSuperBackfireResBreaker2E.png,0.939,ok,79,54,36,48.42
sideSuperBackfireResBreaker3E,side_weapons,reloaded,reloaded,,side_weapons/sideSuperBackfireResBreaker3E.png,0.946,ok,79,54,38,48.42
teleport1,teleporters,both,reloaded,Teleport Mark 1,teleporters/teleport1.png,0.0,outdated,19,5,11,19.02
teleportBase3A,teleporters,reloaded,reloaded,,teleporters/teleportBase3A.png,0.036,outdated,22,7,18,22.0
superTeleportBase3D,teleporters,reloaded,reloaded,,teleporters/superTeleportBase3D.png,0.179,outdated,24,10,20,24.0
superTeleportBase3E,teleporters,reloaded,reloaded,,teleporters/superTeleportBase3E.png,0.25,borderline,30,10,15,30.0
teleportBase3B,teleporters,reloaded,reloaded,,teleporters/teleportBase3B.png,0.393,borderline,26,12,21,26.0
teleport2,teleporters,both,reloaded,Teleport Mark 2,teleporters/teleport2.png,0.5,ok,44,14,15,44.04
teleport5,teleporters,both,reloaded,Teleport Mark 7,teleporters/teleport5.png,0.607,ok,52,20,15,52.05
teleportBase3C,teleporters,reloaded,reloaded,,teleporters/teleportBase3C.png,0.607,ok,31,17,23,31.0
teleport3,teleporters,both,reloaded,Teleport Mark 3,teleporters/teleport3.png,0.679,ok,74,26,15,74.07
teleport4,teleporters,both,reloaded,Teleport Mark 4,teleporters/teleport4.png,0.679,ok,94,30,15,94.09
teleport6,teleporters,both,reloaded,Teleport Mark 8,teleporters/teleport6.png,0.714,ok,60,20,16,60.06
teleport7,teleporters,both,reloaded,Teleport Mark 9,teleporters/teleport7.png,0.714,ok,76,24,16,76.08
teleport8,teleporters,both,reloaded,Lightning Gate Mark I,teleporters/teleport8.png,0.714,ok,94,30,16,94.09
teleport9,teleporters,both,reloaded,,teleporters/teleport9.png,0.714,ok,94,30,16,94.09
teleportDamageSelfD,teleporters,reloaded,reloaded,,teleporters/teleportDamageSelfD.png,0.714,ok,59,52,20,59.0
teleportTwoUsesD,teleporters,reloaded,reloaded,,teleporters/teleportTwoUsesD.png,0.75,ok,51,44,24,51.0
rocketLauncher25B,top_weapons,both,reloaded,Mayhem Battery II,top_weapons/rocketLauncher25B.png,0.0,outdated,8,0,7,10.26
rocketLauncher25C,top_weapons,both,reloaded,Mayhem Battery III,top_weapons/rocketLauncher25C.png,0.0,outdated,8,0,7,8.25
rocketLauncher6,top_weapons,both,reloaded,Rocky Balboa,top_weapons/rocketLauncher6.png,0.015,outdated,9,0,8,13.38
rocketLauncher26A,top_weapons,both,reloaded,Red Rain Mark I,top_weapons/rocketLauncher26A.png,0.017,outdated,12,2,10,9.03
rocketLauncher26B,top_weapons,both,reloaded,Red Rain Mark II,top_weapons/rocketLauncher26B.png,0.017,outdated,12,2,10,8.32
rocketLauncher25A,top_weapons,both,reloaded,Mayhem Battery I,top_weapons/rocketLauncher25A.png,0.018,outdated,8,0,7,14.4
topSuperRocketLauncher2D,top_weapons,reloaded,reloaded,,top_weapons/topSuperRocketLauncher2D.png,0.028,outdated,11,3,10,14.1
blaster6B,top_weapons,both,reloaded,Double neutron gun,top_weapons/blaster6B.png,0.035,outdated,15,3,11,9.98
blaster6A,top_weapons,both,reloaded,Neutron gun,top_weapons/blaster6A.png,0.037,outdated,15,3,11,10.48
cannon9B,top_weapons,both,reloaded,,top_weapons/cannon9B.png,0.037,outdated,15,2,12,9.64
cannon9A,top_weapons,both,reloaded,Anti Material Rifle,top_weapons/cannon9A.png,0.04,outdated,15,2,12,10.46
topDiagonalRocketLauncher2D,top_weapons,reloaded,reloaded,,top_weapons/topDiagonalRocketLauncher2D.png,0.05,outdated,14,3,13,10.53
topDiagonalRocketLauncher2E,top_weapons,reloaded,reloaded,,top_weapons/topDiagonalRocketLauncher2E.png,0.055,outdated,15,3,13,10.4
topPusher1B,top_weapons,reloaded,reloaded,,top_weapons/topPusher1B.png,0.055,outdated,14,3,12,16.06
machineGun9B,top_weapons,both,reloaded,Top Machine Gun,top_weapons/machineGun9B.png,0.065,outdated,15,2,13,13.17
topSuperRocketLauncher2E,top_weapons,reloaded,reloaded,,top_weapons/topSuperRocketLauncher2E.png,0.068,outdated,14,6,9,14.44
cannon1A,top_weapons,both,reloaded,Apocalypse Mark I,top_weapons/cannon1A.png,0.072,outdated,15,5,12,14.13
cannon7A,top_weapons,reloaded,reloaded,Wipeout Mark I,top_weapons/cannon7A.png,0.072,outdated,12,4,12,16.98
topSuperPusher1D,top_weapons,reloaded,reloaded,,top_weapons/topSuperPusher1D.png,0.085,outdated,16,4,13,11.68
machineGun9A,top_weapons,both,reloaded,Top Machine Gun,top_weapons/machineGun9A.png,0.09,outdated,15,2,13,16.99
blaster10,top_weapons,both,reloaded,Heat Blaster,top_weapons/blaster10.png,0.095,outdated,16,6,12,13.34
topPusher1C,top_weapons,reloaded,reloaded,,top_weapons/topPusher1C.png,0.105,outdated,17,5,13,14.16
topSuperRocketLauncher2C,top_weapons,reloaded,reloaded,,top_weapons/topSuperRocketLauncher2C.png,0.105,outdated,12,5,9,21.59
laser26A,top_weapons,both,reloaded,Blaster Red,top_weapons/laser26A.png,0.11,outdated,17,6,12,14.97
cannon1B,top_weapons,both,reloaded,Apocalypse Mark II,top_weapons/cannon1B.png,0.122,outdated,17,7,12,13.88
cannon7B,top_weapons,reloaded,reloaded,Wipeout Mark II,top_weapons/cannon7B.png,0.125,outdated,15,7,12,16.94
topSuperPusher1E,top_weapons,reloaded,reloaded,,top_weapons/topSuperPusher1E.png,0.125,outdated,19,6,13,12.57
laser25A,top_weapons,both,reloaded,Blaster Blue,top_weapons/laser25A.png,0.128,outdated,17,6,13,14.97
laser26B,top_weapons,both,reloaded,BadBoy Red,top_weapons/laser26B.png,0.13,outdated,18,8,11,14.1
laser25B,top_weapons,both,reloaded,BadBoy Blue,top_weapons/laser25B.png,0.133,outdated,18,8,12,14.1
topMachineGun1B,top_weapons,reloaded,reloaded,,top_weapons/topMachineGun1B.png,0.138,outdated,16,3,15,18.12
rocketLauncher28A,top_weapons,both,reloaded,Backstabber Mark I,top_weapons/rocketLauncher28A.png,0.14,outdated,18,4,14,16.78
cannon1C,top_weapons,both,reloaded,Apocalypse Mark III,top_weapons/cannon1C.png,0.147,outdated,19,9,12,13.69
topBlaster2D,top_weapons,reloaded,reloaded,,top_weapons/topBlaster2D.png,0.148,outdated,19,10,7,15.99
rocketLauncher28B,top_weapons,both,reloaded,Backstabber Mark II,top_weapons/rocketLauncher28B.png,0.152,outdated,19,5,14,16.12
topBlaster3D,top_weapons,reloaded,reloaded,,top_weapons/topBlaster3D.png,0.16,outdated,19,10,10,15.97
rocketLauncher18A,top_weapons,both,reloaded,Rocket Battery Mark I,top_weapons/rocketLauncher18A.png,0.163,outdated,13,2,10,26.0
cannon7A3,top_weapons,reloaded,reloaded,,top_weapons/cannon7A3.png,0.188,outdated,15,6,15,21.23
rocketLauncher18B,top_weapons,both,reloaded,Rocket Battery Mark II,top_weapons/rocketLauncher18B.png,0.208,outdated,15,4,10,29.09
cannon7A2,top_weapons,reloaded,reloaded,,top_weapons/cannon7A2.png,0.217,outdated,15,6,16,21.23
cannon7A_legacy,top_weapons,legacy,legacy,Wipeout Mark I,top_weapons/cannon7A_legacy.png,0.22,outdated,13,5,18,18.4
laser29A,top_weapons,both,reloaded,XR12,top_weapons/laser29A.png,0.22,outdated,18,5,14,24.01
rocketLauncher23A,top_weapons,both,reloaded,Hot Fire,top_weapons/rocketLauncher23A.png,0.227,outdated,15,5,10,30.0
topMachineGun1C,top_weapons,reloaded,reloaded,,top_weapons/topMachineGun1C.png,0.233,outdated,20,7,15,17.56
rocketLauncher18C,top_weapons,both,reloaded,Rocket Battery Mark III,top_weapons/rocketLauncher18C.png,0.235,outdated,17,6,12,26.43
topBlasterB1D,top_weapons,reloaded,reloaded,,top_weapons/topBlasterB1D.png,0.237,outdated,19,9,16,16.11
rocketLauncher20A,top_weapons,both,reloaded,Artillery Mark II,top_weapons/rocketLauncher20A.png,0.24,outdated,15,6,13,27.99
topDiagonalRocketLauncherB2D,top_weapons,reloaded,reloaded,,top_weapons/topDiagonalRocketLauncherB2D.png,0.24,outdated,19,5,17,17.72
grenadeLauncher1A,top_weapons,both,reloaded,,top_weapons/grenadeLauncher1A.png,0.26,borderline,17,5,14,27.53
cannon7B3,top_weapons,reloaded,reloaded,,top_weapons/cannon7B3.png,0.265,borderline,19,10,15,21.46
topBlasterB1C,top_weapons,reloaded,reloaded,,top_weapons/topBlasterB1C.png,0.268,borderline,19,9,16,20.02
blaster13A,top_weapons,both,reloaded,Xray,top_weapons/blaster13A.png,0.27,borderline,22,15,12,15.55
rocketLauncher3,top_weapons,both,reloaded,Air Strike,top_weapons/rocketLauncher3.png,0.275,borderline,17,0,16,28.38
topBlaster2C,top_weapons,reloaded,reloaded,,top_weapons/topBlaster2C.png,0.275,borderline,20,9,8,25.59
rocketLauncher22A,top_weapons,both,reloaded,Rocket Launcher,top_weapons/rocketLauncher22A.png,0.283,borderline,17,4,16,25.94
blaster18A,top_weapons,both,reloaded,Xray,top_weapons/blaster18A.png,0.285,borderline,19,9,17,17.34
blaster13B,top_weapons,both,reloaded,Xray,top_weapons/blaster13B.png,0.29,borderline,23,15,13,14.16
laser14,top_weapons,both,reloaded,Electric Rifle,top_weapons/laser14.png,0.292,borderline,18,4,16,27.86
topBlaster3C,top_weapons,reloaded,reloaded,,top_weapons/topBlaster3C.png,0.292,borderline,20,9,11,25.59
cannon7B2,top_weapons,reloaded,reloaded,,top_weapons/cannon7B2.png,0.295,borderline,19,10,16,21.46
blaster18B,top_weapons,both,reloaded,Adv. Electric Orb Cannon,top_weapons/blaster18B.png,0.297,borderline,20,9,17,15.49
cannon7B_legacy,top_weapons,legacy,legacy,Wipeout Mark II,top_weapons/cannon7B_legacy.png,0.3,borderline,17,9,18,19.2
topBlasterB1E,top_weapons,reloaded,reloaded,,top_weapons/topBlasterB1E.png,0.3,borderline,23,12,16,13.37
rocketLauncher22B,top_weapons,both,reloaded,Rocket Blaster,top_weapons/rocketLauncher22B.png,0.305,borderline,20,7,16,22.07
rocketLauncher22D,top_weapons,both,reloaded,Rocket Blaster,top_weapons/rocketLauncher22D.png,0.305,borderline,20,7,16,22.07
cannon5B,top_weapons,both,reloaded,Straight Shot Mark II,top_weapons/cannon5B.png,0.307,borderline,18,2,16,30.33
laser29B,top_weapons,both,reloaded,XR14,top_weapons/laser29B.png,0.315,borderline,23,10,14,22.27
rocketLauncher24A,top_weapons,both,reloaded,EMP Launcher v1.0,top_weapons/rocketLauncher24A.png,0.315,borderline,20,7,19,17.09
topDiagonalRocketLauncherB2E,top_weapons,reloaded,reloaded,,top_weapons/topDiagonalRocketLauncherB2E.png,0.323,borderline,22,7,17,18.66
cannon5A,top_weapons,both,reloaded,Straight Shot Mark I,top_weapons/cannon5A.png,0.325,borderline,17,1,16,31.12
topGrenadeLauncher1C,top_weapons,reloaded,reloaded,,top_weapons/topGrenadeLauncher1C.png,0.325,borderline,18,5,15,32.66
rocketLauncher2B,top_weapons,both,reloaded,Widow Maker,top_weapons/rocketLauncher2B.png,0.33,borderline,19,8,14,29.12
topGrenadeLauncher1D,top_weapons,reloaded,reloaded,,top_weapons/topGrenadeLauncher1D.png,0.333,borderline,19,6,15,30.77
rocketLauncher20B,top_weapons,both,reloaded,Artillery Mark III,top_weapons/rocketLauncher20B.png,0.345,borderline,18,9,14,30.4
topMegaSniperB2D,top_weapons,reloaded,reloaded,,top_weapons/topMegaSniperB2D.png,0.347,borderline,25,5,18,22.49
rocketLauncher24C,top_weapons,both,reloaded,EMP Launcher v3.0,top_weapons/rocketLauncher24C.png,0.348,borderline,22,7,21,14.43
rocketLauncher24B,top_weapons,both,reloaded,EMP Launcher v2.0,top_weapons/rocketLauncher24B.png,0.35,borderline,22,7,21,15.75
topRocketLauncher2A,top_weapons,reloaded,reloaded,,top_weapons/topRocketLauncher2A.png,0.352,borderline,18,5,19,27.46
topGrenadeLauncher3C,top_weapons,reloaded,reloaded,,top_weapons/topGrenadeLauncher3C.png,0.355,borderline,18,5,16,32.66
laser8A,top_weapons,both,reloaded,Lucky Shot,top_weapons/laser8A.png,0.36,borderline,19,6,15,38.0
grenadeLauncher1A2,top_weapons,both,reloaded,,top_weapons/grenadeLauncher1A2.png,0.362,borderline,19,6,16,30.77
grenadeLauncher1A3,top_weapons,both,reloaded,Rear Hit Mega Mark,top_weapons/grenadeLauncher1A3.png,0.362,borderline,19,6,16,30.77
topGrenadeLauncher3D,top_weapons,reloaded,reloaded,,top_weapons/topGrenadeLauncher3D.png,0.362,borderline,19,6,16,30.77
topArtillery2C,top_weapons,reloaded,reloaded,,top_weapons/topArtillery2C.png,0.365,borderline,19,9,13,34.75
rocketLauncher9A,top_weapons,both,reloaded,Rapid Fire Rocket Launcher,top_weapons/rocketLauncher9A.png,0.367,borderline,22,7,15,28.92
topMegaSniperB2C,top_weapons,reloaded,reloaded,,top_weapons/topMegaSniperB2C.png,0.367,borderline,23,3,18,25.94
blaster21A,top_weapons,both,reloaded,Super Nova Mark I,top_weapons/blaster21A.png,0.375,borderline,26,17,11,22.73
rocketLauncher22C,top_weapons,both,reloaded,Missile Launcher,top_weapons/rocketLauncher22C.png,0.375,borderline,24,11,16,22.43
rocketLauncher7,top_weapons,both,reloaded,RPG,top_weapons/rocketLauncher7.png,0.375,borderline,20,1,18,28.91
rocketLauncher23B,top_weapons,both,reloaded,Blazing fire,top_weapons/rocketLauncher23B.png,0.378,borderline,20,10,10,33.33
machineGun6B,top_weapons,both,reloaded,Fixed point gun,top_weapons/machineGun6B.png,0.388,borderline,23,16,7,28.39
grenadeLauncher1B,top_weapons,both,reloaded,Rear Hit Heat Mark,top_weapons/grenadeLauncher1B.png,0.392,borderline,21,9,15,29.97
laser12B,top_weapons,both,reloaded,Swiss Cheese,top_weapons/laser12B.png,0.393,borderline,19,7,16,31.16
topBeam1D,top_weapons,reloaded,reloaded,,top_weapons/topBeam1D.png,0.393,borderline,27,17,12,23.6
topBeam2D,top_weapons,reloaded,reloaded,,top_weapons/topBeam2D.png,0.393,borderline,27,17,12,23.6
rocketLauncher21A,top_weapons,both,reloaded,Artillery Mark IV,top_weapons/rocketLauncher21A.png,0.395,borderline,21,10,11,37.35
laser40A2,top_weapons,both,reloaded,Heat Penetrator Mark I,top_weapons/laser40A2.png,0.397,borderline,21,12,15,28.27
rocketLauncher11A,top_weapons,both,reloaded,M6000,top_weapons/rocketLauncher11A.png,0.4,borderline,24,13,12,28.81
topLaser2B,top_weapons,reloaded,reloaded,,top_weapons/topLaser2B.png,0.4,borderline,21,8,15,30.95
blaster21B,top_weapons,both,reloaded,Super Nova Mark II,top_weapons/blaster21B.png,0.403,borderline,27,17,14,21.19
rocketLauncher8A,top_weapons,both,reloaded,Long shot,top_weapons/rocketLauncher8A.png,0.403,borderline,20,7,14,36.58
laser12A,top_weapons,both,reloaded,Cheddar,top_weapons/laser12A.png,0.407,borderline,19,7,16,34.17
laser12C,top_weapons,both,reloaded,Gorgonzola,top_weapons/laser12C.png,0.407,borderline,20,8,16,30.14
blaster8A,top_weapons,both,reloaded,LR Energy Blaster I,top_weapons/blaster8A.png,0.41,borderline,25,15,12,26.14
topBeam3D,top_weapons,reloaded,reloaded,,top_weapons/topBeam3D.png,0.41,borderline,27,17,13,23.6
rocketLauncher2A,top_weapons,both,reloaded,Divider,top_weapons/rocketLauncher2A.png,0.412,borderline,20,8,15,33.94
blaster9A,top_weapons,both,reloaded,Energy Blaster V1,top_weapons/blaster9A.png,0.417,borderline,25,14,13,27.77
topBlasterB2D,top_weapons,reloaded,reloaded,,top_weapons/topBlasterB2D.png,0.417,borderline,24,12,19,20.36
topBlasterB3D,top_weapons,reloaded,reloaded,,top_weapons/topBlasterB3D.png,0.417,borderline,24,12,19,20.36
machineGun7B,top_weapons,both,reloaded,Flechette,top_weapons/machineGun7B.png,0.42,borderline,27,17,15,21.76
rocketLauncher21B,top_weapons,both,reloaded,Artillery Mark V,top_weapons/rocketLauncher21B.png,0.422,borderline,23,12,11,32.81
topLaser2C,top_weapons,reloaded,reloaded,,top_weapons/topLaser2C.png,0.422,borderline,26,13,15,25.19
blaster7A,top_weapons,both,reloaded,Black hole blaster,top_weapons/blaster7A.png,0.427,borderline,25,15,13,26.14
machineGun6A,top_weapons,both,reloaded,Fixed point cannon,top_weapons/machineGun6A.png,0.43,borderline,22,15,7,31.79
topLaser3B,top_weapons,reloaded,reloaded,,top_weapons/topLaser3B.png,0.43,borderline,21,8,16,30.95
topRocketLauncher2B,top_weapons,reloaded,reloaded,,top_weapons/topRocketLauncher2B.png,0.435,borderline,22,8,20,24.28
rocketLauncher23C,top_weapons,both,reloaded,Burning fire,top_weapons/rocketLauncher23C.png,0.44,borderline,25,15,10,30.32
blaster14A,top_weapons,both,reloaded,B-ray,top_weapons/blaster14A.png,0.448,borderline,28,20,15,19.79
topBeam1E,top_weapons,reloaded,reloaded,,top_weapons/topBeam1E.png,0.448,borderline,29,17,15,22.76
topBeam2E,top_weapons,reloaded,reloaded,,top_weapons/topBeam2E.png,0.448,borderline,29,17,15,22.76
topBlasterB2C,top_weapons,reloaded,reloaded,,top_weapons/topBlasterB2C.png,0.448,borderline,23,11,19,24.24
topBlasterB3C,top_weapons,reloaded,reloaded,,top_weapons/topBlasterB3C.png,0.448,borderline,23,11,19,24.24
rocketLauncher9B,top_weapons,both,reloaded,Rocket Launcher v22.0,top_weapons/rocketLauncher9B.png,0.453,ok,26,11,15,30.4
topLaser3C,top_weapons,reloaded,reloaded,,top_weapons/topLaser3C.png,0.453,ok,26,13,16,25.19
machineGun7A,top_weapons,both,reloaded,Super Flechette,top_weapons/machineGun7A.png,0.463,ok,26,16,15,25.41
cannon7C,top_weapons,reloaded,reloaded,,top_weapons/cannon7C.png,0.47,ok,25,16,16,24.73
blaster14B,top_weapons,both,reloaded,B-ray,top_weapons/blaster14B.png,0.473,ok,29,20,16,17.86
cannon7C_legacy,top_weapons,legacy,legacy,,top_weapons/cannon7C_legacy.png,0.475,ok,23,15,18,22.76
topBeam3E,top_weapons,reloaded,reloaded,,top_weapons/topBeam3E.png,0.478,ok,29,17,16,22.76
blaster8B,top_weapons,both,reloaded,LR Energy Blaster II,top_weapons/blaster8B.png,0.48,ok,28,18,13,24.89
blaster9B,top_weapons,both,reloaded,Energy Blaster V2,top_weapons/blaster9B.png,0.48,ok,28,16,14,25.68
topBeam1C,top_weapons,reloaded,reloaded,,top_weapons/topBeam1C.png,0.482,ok,29,21,12,24.87
topBeam2C,top_weapons,reloaded,reloaded,,top_weapons/topBeam2C.png,0.482,ok,29,21,12,24.87
topGrenadeLauncher1E,top_weapons,reloaded,reloaded,,top_weapons/topGrenadeLauncher1E.png,0.49,ok,25,12,16,30.72
rocketLauncher19,top_weapons,both,reloaded,Artillery Mark I,top_weapons/rocketLauncher19.png,0.492,ok,23,14,14,34.91
topMegaSniper3E,top_weapons,reloaded,reloaded,,top_weapons/topMegaSniper3E.png,0.492,ok,30,14,19,18.94
blaster1A,top_weapons,both,reloaded,SR Heat Blaster,top_weapons/blaster1A.png,0.493,ok,22,10,16,44.0
laser31C,top_weapons,both,reloaded,Blaster,top_weapons/laser31C.png,0.5,ok,27,13,17,24.94
topBeam3C,top_weapons,reloaded,reloaded,,top_weapons/topBeam3C.png,0.5,ok,29,21,13,24.87
blaster7B,top_weapons,both,reloaded,White hole blaster,top_weapons/blaster7B.png,0.502,ok,28,18,14,24.89
blaster19B,top_weapons,both,reloaded,Adv. Physical Orb Cannon,top_weapons/blaster19B.png,0.503,ok,27,14,21,20.91
topBlaster2E,top_weapons,reloaded,reloaded,,top_weapons/topBlaster2E.png,0.505,ok,36,17,13,24.04
topBlasterB2E,top_weapons,reloaded,reloaded,,top_weapons/topBlasterB2E.png,0.505,ok,30,17,19,17.44
topBlasterB3E,top_weapons,reloaded,reloaded,,top_weapons/topBlasterB3E.png,0.505,ok,30,17,19,17.44
topMegaSniper3D,top_weapons,reloaded,reloaded,,top_weapons/topMegaSniper3D.png,0.505,ok,29,15,18,21.79
blaster20B,top_weapons,both,reloaded,Adv. Heat Orb Cannon,top_weapons/blaster20B.png,0.513,ok,27,14,23,20.91
cannon11A1_legacy,top_weapons,legacy,legacy,Engine Breaker Mark I,top_weapons/cannon11A1_legacy.png,0.527,ok,27,14,15,38.88
blaster1B,top_weapons,both,reloaded,LR Heat Blaster,top_weapons/blaster1B.png,0.53,ok,24,12,16,44.35
blaster19A,top_weapons,both,reloaded,Physical Orb Cannon,top_weapons/blaster19A.png,0.535,ok,26,14,21,23.72
blaster20A,top_weapons,both,reloaded,Heat Orb Cannon,top_weapons/blaster20A.png,0.545,ok,26,14,23,23.72
rocketLauncher8B,top_weapons,both,reloaded,Strong Shot,top_weapons/rocketLauncher8B.png,0.547,ok,28,14,15,41.91
topMegaSniperB2E,top_weapons,reloaded,reloaded,,top_weapons/topMegaSniperB2E.png,0.55,ok,32,11,22,21.17
laser31A,top_weapons,both,reloaded,Physical Blast,top_weapons/laser31A.png,0.552,ok,25,11,17,37.01
laser40A,top_weapons,both,reloaded,Moon,top_weapons/laser40A.png,0.555,ok,28,19,12,37.7
topMegaSniperB3C,top_weapons,reloaded,reloaded,,top_weapons/topMegaSniperB3C.png,0.555,ok,28,6,22,31.57
cannon11A1,top_weapons,reloaded,reloaded,Engine Breaker Mark I,top_weapons/cannon11A1.png,0.557,ok,27,14,16,38.88
topGrenadeLauncher3E,top_weapons,reloaded,reloaded,,top_weapons/topGrenadeLauncher3E.png,0.562,ok,26,12,18,31.95
topMegaSniperB1C,top_weapons,reloaded,reloaded,,top_weapons/topMegaSniperB1C.png,0.562,ok,28,6,23,31.57
topArtillery2D,top_weapons,reloaded,reloaded,,top_weapons/topArtillery2D.png,0.57,ok,28,17,14,41.91
topMegaSniper2E,top_weapons,reloaded,reloaded,,top_weapons/topMegaSniper2E.png,0.575,ok,31,14,25,19.57
laser9,top_weapons,both,reloaded,Electro Cannon,top_weapons/laser9.png,0.58,ok,25,10,20,41.07
laser8B,top_weapons,both,reloaded,Safe Shot,top_weapons/laser8B.png,0.583,ok,26,12,17,45.93
topSuperMachineGun1D,top_weapons,reloaded,reloaded,,top_weapons/topSuperMachineGun1D.png,0.583,ok,29,22,9,41.9
cannon11A2,top_weapons,reloaded,reloaded,,top_weapons/cannon11A2.png,0.593,ok,30,17,15,33.69
topMegaSniper1E,top_weapons,reloaded,reloaded,,top_weapons/topMegaSniper1E.png,0.593,ok,31,14,27,19.57
laser40B,top_weapons,both,reloaded,Sun,top_weapons/laser40B.png,0.598,ok,30,21,12,33.09
rocketLauncher11B,top_weapons,both,reloaded,M8000,top_weapons/rocketLauncher11B.png,0.598,ok,31,20,12,32.48
cannon11A2_legacy,top_weapons,legacy,legacy,,top_weapons/cannon11A2_legacy.png,0.6,ok,30,17,15,39.3
topMegaSniper2D,top_weapons,reloaded,reloaded,,top_weapons/topMegaSniper2D.png,0.6,ok,30,15,24,22.55
laser29C,top_weapons,both,reloaded,XR18,top_weapons/laser29C.png,0.603,ok,33,20,14,26.46
grenadeLauncher1B3,top_weapons,both,reloaded,,top_weapons/grenadeLauncher1B3.png,0.615,ok,27,14,19,38.54
topMegaSniper1D,top_weapons,reloaded,reloaded,,top_weapons/topMegaSniper1D.png,0.618,ok,30,15,26,22.55
laser31B,top_weapons,both,reloaded,Hard Hitter,top_weapons/laser31B.png,0.62,ok,29,15,17,31.95
topMegaSniperB3D,top_weapons,reloaded,reloaded,,top_weapons/topMegaSniperB3D.png,0.628,ok,32,10,22,28.78
laser40A3,top_weapons,both,reloaded,Energy Penetrator Mark I,top_weapons/laser40A3.png,0.63,ok,28,19,16,37.7
topMegaSniperB1D,top_weapons,reloaded,reloaded,,top_weapons/topMegaSniperB1D.png,0.635,ok,32,10,23,28.78
grenadeLauncher1B2,top_weapons,both,reloaded,Rear Hit Electro Mark,top_weapons/grenadeLauncher1B2.png,0.637,ok,27,14,20,38.54
laser40B2,top_weapons,both,reloaded,Heat Penetrator Mark II,top_weapons/laser40B2.png,0.642,ok,30,21,15,33.09
topEMPD,top_weapons,reloaded,reloaded,,top_weapons/topEMPD.png,0.645,ok,31,14,20,29.49
topHeatBombD,top_weapons,reloaded,reloaded,,top_weapons/topHeatBombD.png,0.645,ok,31,14,20,29.49
topPhysicalBombD,top_weapons,reloaded,reloaded,,top_weapons/topPhysicalBombD.png,0.645,ok,31,14,20,29.49
blaster21A2,top_weapons,both,reloaded,Ultra Nova Mark I,top_weapons/blaster21A2.png,0.647,ok,33,23,14,28.85
blaster21A3,top_weapons,both,reloaded,Infernova Mark I,top_weapons/blaster21A3.png,0.647,ok,33,23,14,28.85
topBlaster3E,top_weapons,reloaded,reloaded,,top_weapons/topBlaster3E.png,0.655,ok,37,17,20,24.7
rocketLauncher11C,top_weapons,both,reloaded,M9000,top_weapons/rocketLauncher11C.png,0.66,ok,35,24,12,33.49
cannon11A3_legacy,top_weapons,legacy,legacy,,top_weapons/cannon11A3_legacy.png,0.665,ok,32,19,15,38.17
topSuperMachineGun1E,top_weapons,reloaded,reloaded,,top_weapons/topSuperMachineGun1E.png,0.667,ok,34,26,9,41.96
topSuperLaser2D,top_weapons,reloaded,reloaded,,top_weapons/topSuperLaser2D.png,0.67,ok,37,24,15,29.65
laser40B3,top_weapons,both,reloaded,,top_weapons/laser40B3.png,0.672,ok,30,21,16,33.09
cannon11A3,top_weapons,reloaded,reloaded,,top_weapons/cannon11A3.png,0.675,ok,34,20,16,30.69
topSuperLaser2E,top_weapons,reloaded,reloaded,,top_weapons/topSuperLaser2E.png,0.698,ok,40,25,16,26.25
topSuperLaser3D,top_weapons,reloaded,reloaded,,top_weapons/topSuperLaser3D.png,0.7,ok,37,24,16,29.65
blaster21B2,top_weapons,both,reloaded,Ultra Nova Mark II,top_weapons/blaster21B2.png,0.705,ok,34,23,17,26.68
blaster21B3,top_weapons,both,reloaded,Infernova Mark II,top_weapons/blaster21B3.png,0.705,ok,34,23,17,26.68
topSniper1D,top_weapons,reloaded,reloaded,,top_weapons/topSniper1D.png,0.708,ok,29,13,25,47.58
cannon7C3,top_weapons,reloaded,reloaded,,top_weapons/cannon7C3.png,0.712,ok,31,21,19,30.67
topSniper3D,top_weapons,reloaded,reloaded,,top_weapons/topSniper3D.png,0.715,ok,29,13,26,47.58
cannon7C2,top_weapons,reloaded,reloaded,Wipeout Mark III,top_weapons/cannon7C2.png,0.735,ok,31,21,20,30.67
topSuperLaser3E,top_weapons,reloaded,reloaded,,top_weapons/topSuperLaser3E.png,0.738,ok,40,25,17,26.25
topArtillery2E,top_weapons,reloaded,reloaded,,top_weapons/topArtillery2E.png,0.752,ok,38,25,14,48.85
laser20B,top_weapons,both,reloaded,Mega Drain,top_weapons/laser20B.png,0.772,ok,33,13,24,58.69
laser36B,top_weapons,both,reloaded,Blue Blaster,top_weapons/laser36B.png,0.772,ok,36,11,28,41.72
topPhysicalBombE,top_weapons,reloaded,reloaded,,top_weapons/topPhysicalBombE.png,0.775,ok,38,19,24,28.62
laser20A,top_weapons,both,reloaded,The Drainer,top_weapons/laser20A.png,0.79,ok,34,15,22,68.0
laser36C,top_weapons,both,reloaded,SR Energy Blaster,top_weapons/laser36C.png,0.802,ok,39,14,28,31.23
topHeatBombE,top_weapons,reloaded,reloaded,,top_weapons/topHeatBombE.png,0.802,ok,38,19,27,28.62
blaster22A,top_weapons,both,reloaded,FireWatch Mark I,top_weapons/blaster22A.png,0.807,ok,40,25,18,31.87
topMegaSniperB3E,top_weapons,reloaded,reloaded,,top_weapons/topMegaSniperB3E.png,0.812,ok,43,20,26,28.45
topEMPE,top_weapons,reloaded,reloaded,,top_weapons/topEMPE.png,0.815,ok,39,20,26,29.38
topMegaSniperB1E,top_weapons,reloaded,reloaded,,top_weapons/topMegaSniperB1E.png,0.823,ok,43,20,27,28.45
blaster23A,top_weapons,both,reloaded,Metal Bender Mark I,top_weapons/blaster23A.png,0.837,ok,41,26,19,32.67
blaster24A,top_weapons,both,reloaded,ElectroCop Mark I,top_weapons/blaster24A.png,0.837,ok,41,26,19,32.67
cannon11B1_legacy,top_weapons,legacy,legacy,Generator Breaker Mark I,top_weapons/cannon11B1_legacy.png,0.85,ok,37,21,22,53.28
cannon11C1,top_weapons,both,reloaded,Electric Discharger Mark I,top_weapons/cannon11C1.png,0.85,ok,37,21,22,53.28
blaster22B,top_weapons,both,reloaded,FireWatch Mark II,top_weapons/blaster22B.png,0.86,ok,52,37,18,37.35
blaster22C,top_weapons,both,reloaded,,top_weapons/blaster22C.png,0.87,ok,53,38,19,38.07
blaster23B,top_weapons,both,reloaded,Metal Bender Mark II,top_weapons/blaster23B.png,0.87,ok,53,38,19,38.07
blaster24B,top_weapons,both,reloaded,ElectroCop Mark II,top_weapons/blaster24B.png,0.87,ok,53,38,19,38.07
cannon11B1,top_weapons,reloaded,reloaded,Generator Breaker Mark I,top_weapons/cannon11B1.png,0.875,ok,37,21,25,53.28
topSniper1E,top_weapons,reloaded,reloaded,,top_weapons/topSniper1E.png,0.875,ok,37,18,27,60.71
topSniper3E,top_weapons,reloaded,reloaded,,top_weapons/topSniper3E.png,0.885,ok,37,18,28,60.71
cannon11C2,top_weapons,reloaded,reloaded,Electric Discharger Mark II,top_weapons/cannon11C2.png,0.895,ok,42,26,21,47.16
cannon11B3,top_weapons,reloaded,reloaded,,top_weapons/cannon11B3.png,0.91,ok,46,29,23,41.52
cannon11C2_legacy,top_weapons,legacy,legacy,Electric Discharger Mark II,top_weapons/cannon11C2_legacy.png,0.91,ok,42,26,21,55.01
cannon11B2,top_weapons,reloaded,reloaded,Generator Breaker Mark II,top_weapons/cannon11B2.png,0.912,ok,42,26,24,47.16
cannon11B2_legacy,top_weapons,legacy,legacy,Generator Breaker Mark II,top_weapons/cannon11B2_legacy.png,0.912,ok,42,26,22,55.01
blaster23C,top_weapons,both,reloaded,,top_weapons/blaster23C.png,0.915,ok,58,41,21,41.66
blaster24C,top_weapons,both,reloaded,,top_weapons/blaster24C.png,0.915,ok,58,41,21,41.66
cannon11C3,top_weapons,reloaded,reloaded,,top_weapons/cannon11C3.png,0.917,ok,46,29,24,41.52
cannon11B3_legacy,top_weapons,legacy,legacy,,top_weapons/cannon11B3_legacy.png,0.935,ok,44,28,23,52.48
cannon11C3_legacy,top_weapons,legacy,legacy,,top_weapons/cannon11C3_legacy.png,0.935,ok,44,28,23,52.48
hatPerk4,torsos,reloaded,reloaded,,torsos/hatPerk4.png,0.0,outdated,1,0,0,0.63
hatPerk6,torsos,reloaded,reloaded,,torsos/hatPerk6.png,0.002,outdated,1,0,0,0.72
hatPerk5,torsos,reloaded,reloaded,,torsos/hatPerk5.png,0.004,outdated,1,0,0,1.0
hatPerk7,torsos,reloaded,reloaded,,torsos/hatPerk7.png,0.004,outdated,1,0,0,1.0
hatPerk1,torsos,both,reloaded,,torsos/hatPerk1.png,0.008,outdated,1,0,0,1.29
hatPerk2,torsos,reloaded,reloaded,,torsos/hatPerk2.png,0.023,outdated,2,0,1,1.95
perk_hat1,torsos,both,reloaded,,torsos/perk_hat1.png,0.025,outdated,2,0,1,2.0
perk_hat2,torsos,reloaded,reloaded,,torsos/perk_hat2.png,0.025,outdated,2,0,1,2.0
perk_hat4,torsos,reloaded,reloaded,,torsos/perk_hat4.png,0.025,outdated,2,0,1,2.0
perk_hat5,torsos,reloaded,reloaded,,torsos/perk_hat5.png,0.025,outdated,2,0,1,2.0
perk_hat6,torsos,reloaded,reloaded,,torsos/perk_hat6.png,0.025,outdated,2,0,1,2.0
perk_hat7,torsos,reloaded,reloaded,,torsos/perk_hat7.png,0.025,outdated,2,0,1,2.0
torso52,torsos,both,reloaded,God Mode,torsos/torso52.png,0.093,outdated,15,4,15,1.75
torso1003,torsos,reloaded,reloaded,Tank,torsos/torso1003.png,0.099,outdated,15,4,13,2.6
torso1003_legacy,torsos,legacy,legacy,Tank,torsos/torso1003_legacy.png,0.099,outdated,15,4,13,2.6
torso69D,torsos,reloaded,reloaded,,torsos/torso69D.png,0.099,outdated,18,4,12,2.3
torso17,torsos,both,reloaded,Cobra,torsos/torso17.png,0.103,outdated,14,3,14,2.61
torso70B,torsos,reloaded,reloaded,,torsos/torso70B.png,0.105,outdated,13,2,15,3.17
torso69C,torsos,reloaded,reloaded,,torsos/torso69C.png,0.11,outdated,17,2,13,3.88
torso1002,torsos,reloaded,reloaded,Jeep,torsos/torso1002.png,0.122,outdated,15,3,17,3.34
torso1003_2,torsos,reloaded,reloaded,TankHeatTorso,torsos/torso1003_2.png,0.128,outdated,18,6,15,3.11
torso1003_3,torsos,reloaded,reloaded,TankEnergyTorso,torsos/torso1003_3.png,0.128,outdated,18,6,15,3.11
torsoPerk1,torsos,both,reloaded,,torsos/torsoPerk1.png,0.13,outdated,14,11,11,1.47
torso1,torsos,both,reloaded,Newbie,torsos/torso1.png,0.134,outdated,13,4,15,4.49
torso1000,torsos,both,reloaded,GOD MODE,torsos/torso1000.png,0.138,outdated,19,4,19,2.03
torso3,torsos,both,reloaded,Zyborg,torsos/torso3.png,0.14,outdated,16,4,15,4.61
torso1002_legacy,torsos,legacy,legacy,Jeep,torsos/torso1002_legacy.png,0.141,outdated,16,5,17,3.57
torso17B,torsos,both,reloaded,Chief,torsos/torso17B.png,0.143,outdated,16,5,20,3.01
torso1002_3,torsos,reloaded,reloaded,JeepEnergyTorso,torsos/torso1002_3.png,0.151,outdated,18,4,20,4.01
torso1002_2,torsos,reloaded,reloaded,JeepHeatTorso,torsos/torso1002_2.png,0.161,outdated,18,4,21,4.01
torso83C,torsos,reloaded,reloaded,,torsos/torso83C.png,0.165,outdated,22,4,20,3.98
torso14,torsos,both,reloaded,Golden Eye,torsos/torso14.png,0.171,outdated,19,5,21,3.32
torso39,torsos,both,reloaded,,torsos/torso39.png,0.174,outdated,17,7,17,4.3
hatPerk3,torsos,reloaded,reloaded,,torsos/hatPerk3.png,0.176,outdated,7,6,14,6.56
torso25,torsos,both,reloaded,Metal Head,torsos/torso25.png,0.178,outdated,21,4,21,4.06
torso18,torsos,both,reloaded,Cyclops,torsos/torso18.png,0.188,outdated,21,6,22,3.36
torso3B,torsos,both,reloaded,Skeletor,torsos/torso3B.png,0.188,outdated,19,4,20,5.48
torso84C,torsos,reloaded,reloaded,,torsos/torso84C.png,0.192,outdated,21,12,11,4.02
torso76B,torsos,reloaded,reloaded,,torsos/torso76B.png,0.196,outdated,21,4,22,4.67
torso9,torsos,both,reloaded,Alien,torsos/torso9.png,0.207,outdated,22,8,19,4.74
torso11,torsos,both,reloaded,Ironclad,torsos/torso11.png,0.211,outdated,25,8,18,4.38
torso2,torsos,both,reloaded,Vector,torsos/torso2.png,0.211,outdated,20,4,20,6.74
torso12B,torsos,both,reloaded,Nelly McRockets,torsos/torso12B.png,0.215,outdated,22,8,22,3.94
torso84D,torsos,reloaded,reloaded,,torsos/torso84D.png,0.219,outdated,24,14,12,3.62
torso12,torsos,both,reloaded,Predator,torsos/torso12.png,0.221,outdated,24,8,21,4.21
torso1B,torsos,both,reloaded,Commander,torsos/torso1B.png,0.225,outdated,20,4,21,6.91
torso8,torsos,both,reloaded,Samurai,torsos/torso8.png,0.225,outdated,25,7,21,4.29
torso2B,torsos,both,reloaded,Metal box,torsos/torso2B.png,0.227,outdated,21,2,21,7.1
torso1004,torsos,both,reloaded,Turret,torsos/torso1004.png,0.229,outdated,22,12,17,4.9
torso26B,torsos,both,reloaded,Lucifer,torsos/torso26B.png,0.229,outdated,25,11,17,4.34
torso55,torsos,both,reloaded,,torsos/torso55.png,0.229,outdated,23,17,9,2.74
torso76C,torsos,reloaded,reloaded,,torsos/torso76C.png,0.233,outdated,25,9,21,4.66
torso20,torsos,both,reloaded,Raptor,torsos/torso20.png,0.236,outdated,22,8,23,4.21
torso38,torsos,both,reloaded,,torsos/torso38.png,0.24,outdated,22,10,21,5.24
perk_hat3,torsos,reloaded,reloaded,,torsos/perk_hat3.png,0.252,borderline,9,6,15,9.0
torso64C,torsos,reloaded,reloaded,,torsos/torso64C.png,0.252,borderline,20,11,24,3.92
torso40,torsos,both,reloaded,Capsule,torsos/torso40.png,0.26,borderline,20,13,21,5.47
torso70C,torsos,reloaded,reloaded,,torsos/torso70C.png,0.264,borderline,26,10,20,5.93
torso43,torsos,both,reloaded,,torsos/torso43.png,0.266,borderline,26,10,16,6.66
torso73A,torsos,reloaded,reloaded,,torsos/torso73A.png,0.271,borderline,22,13,17,6.74
torso70D,torsos,reloaded,reloaded,,torsos/torso70D.png,0.279,borderline,26,11,23,4.45
torso77A,torsos,reloaded,reloaded,,torsos/torso77A.png,0.283,borderline,25,12,16,6.92
torso7,torsos,both,reloaded,Two Head,torsos/torso7.png,0.287,borderline,27,10,23,5.04
torso64D,torsos,reloaded,reloaded,,torsos/torso64D.png,0.291,borderline,23,14,24,3.71
torso71C,torsos,reloaded,reloaded,,torsos/torso71C.png,0.297,borderline,23,17,18,5.37
torso60A,torsos,reloaded,reloaded,,torsos/torso60A.png,0.304,borderline,27,8,22,7.0
torso44,torsos,both,reloaded,Electron Defence,torsos/torso44.png,0.306,borderline,26,19,16,4.34
hatPerk3_straight,torsos,reloaded,reloaded,,torsos/hatPerk3_straight.png,0.312,borderline,7,6,14,14.0
perk_torso1,torsos,both,reloaded,,torsos/perk_torso1.png,0.326,borderline,13,10,11,13.0
torso8B,torsos,both,reloaded,Barracu,torsos/torso8B.png,0.328,borderline,31,4,29,5.17
torso74B,torsos,reloaded,reloaded,,torsos/torso74B.png,0.329,borderline,23,8,29,5.96
torso63A,torsos,reloaded,reloaded,,torsos/torso63A.png,0.335,borderline,25,11,25,6.53
torso27,torsos,both,reloaded,The Light,torsos/torso27.png,0.343,borderline,31,17,19,5.18
torso4B,torsos,both,reloaded,Blood Shot,torsos/torso4B.png,0.347,borderline,27,7,25,7.17
torso81C,torsos,reloaded,reloaded,,torsos/torso81C.png,0.347,borderline,26,13,26,5.54
torso28,torsos,both,reloaded,Goliath,torsos/torso28.png,0.351,borderline,31,15,19,6.25
torso19B,torsos,both,reloaded,Saphire,torsos/torso19B.png,0.357,borderline,28,6,35,4.68
torso7B,torsos,both,reloaded,Ember,torsos/torso7B.png,0.357,borderline,33,12,22,6.26
torso33,torsos,both,reloaded,Shielded,torsos/torso33.png,0.359,borderline,28,18,22,4.57
torso48,torsos,both,reloaded,Lava Scope,torsos/torso48.png,0.359,borderline,32,23,13,5.11
torso64B,torsos,reloaded,reloaded,,torsos/torso64B.png,0.359,borderline,24,11,29,5.99
torso41,torsos,both,reloaded,,torsos/torso41.png,0.36,borderline,29,21,11,6.68
torso79A,torsos,reloaded,reloaded,,torsos/torso79A.png,0.36,borderline,28,13,21,7.62
torso82C,torsos,reloaded,reloaded,,torsos/torso82C.png,0.368,borderline,26,7,36,5.12
torso83D,torsos,reloaded,reloaded,,torsos/torso83D.png,0.368,borderline,33,17,22,4.22
torso35,torsos,both,reloaded,Breach,torsos/torso35.png,0.376,borderline,29,15,22,6.62
torso96D,torsos,reloaded,reloaded,,torsos/torso96D.png,0.376,borderline,31,9,25,7.41
torso49,torsos,both,reloaded,Defense Matrix,torsos/torso49.png,0.382,borderline,34,21,16,5.3
torso6B,torsos,both,reloaded,Buster,torsos/torso6B.png,0.388,borderline,30,11,27,6.5
torso87D,torsos,reloaded,reloaded,,torsos/torso87D.png,0.395,borderline,27,13,23,8.5
torso87D2,torsos,reloaded,reloaded,,torsos/torso87D2.png,0.395,borderline,27,13,23,8.5
torso45,torsos,both,reloaded,Ultraspade,torsos/torso45.png,0.399,borderline,31,20,22,5.85
torso4,torsos,both,reloaded,Spector,torsos/torso4.png,0.401,borderline,29,17,19,7.7
torso1001,torsos,both,reloaded,ARMOR TANK,torsos/torso1001.png,0.403,borderline,37,24,16,5.21
torso86D,torsos,reloaded,reloaded,,torsos/torso86D.png,0.403,borderline,27,13,24,8.49
torso87E,torsos,reloaded,reloaded,,torsos/torso87E.png,0.403,borderline,30,16,23,6.91
torso77B,torsos,reloaded,reloaded,,torsos/torso77B.png,0.409,borderline,32,17,20,7.52
torso6,torsos,both,reloaded,Juggernaut,torsos/torso6.png,0.411,borderline,31,13,28,6.43
torso10,torsos,both,reloaded,Robot,torsos/torso10.png,0.413,borderline,31,14,26,6.14
torso93C,torsos,reloaded,reloaded,,torsos/torso93C.png,0.417,borderline,26,5,28,9.82
torso42A,torsos,both,reloaded,Galaxus Model B,torsos/torso42A.png,0.419,borderline,32,19,24,5.33
torso86E,torsos,reloaded,reloaded,,torsos/torso86E.png,0.421,borderline,31,16,24,7.14
torso36,torsos,both,reloaded,Dragon,torsos/torso36.png,0.422,borderline,37,21,21,5.73
torso84E,torsos,reloaded,reloaded,,torsos/torso84E.png,0.422,borderline,38,26,18,5.23
torso78C,torsos,reloaded,reloaded,,torsos/torso78C.png,0.424,borderline,29,13,33,5.63
torso26,torsos,both,reloaded,Dragon,torsos/torso26.png,0.428,borderline,36,27,17,5.73
torso46,torsos,both,reloaded,HellFire Armor,torsos/torso46.png,0.43,borderline,35,22,23,5.05
torso60C,torsos,reloaded,reloaded,,torsos/torso60C.png,0.434,borderline,32,13,29,6.89
torso61A,torsos,reloaded,reloaded,,torsos/torso61A.png,0.434,borderline,31,10,28,8.03
torso70E,torsos,reloaded,reloaded,,torsos/torso70E.png,0.436,borderline,38,25,22,4.91
torso34,torsos,both,reloaded,Mamut,torsos/torso34.png,0.438,borderline,35,16,26,5.29
torso62A,torsos,reloaded,reloaded,,torsos/torso62A.png,0.438,borderline,31,10,29,8.03
torso87E2,torsos,reloaded,reloaded,,torsos/torso87E2.png,0.442,borderline,31,17,25,7.14
torso13,torsos,both,reloaded,Scope,torsos/torso13.png,0.448,borderline,37,18,24,5.67
torso24,torsos,both,reloaded,Roman,torsos/torso24.png,0.452,ok,38,27,19,6.11
torso78D,torsos,reloaded,reloaded,,torsos/torso78D.png,0.463,ok,34,14,32,5.56
torso9B,torsos,both,reloaded,Apollo,torsos/torso9B.png,0.463,ok,33,12,32,7.1
torso73B,torsos,reloaded,reloaded,,torsos/torso73B.png,0.467,ok,31,22,22,8.06
torso82D,torsos,reloaded,reloaded,,torsos/torso82D.png,0.467,ok,33,10,41,5.76
torso76D,torsos,reloaded,reloaded,,torsos/torso76D.png,0.471,ok,36,16,29,5.75
torso47,torsos,both,reloaded,Metrolens,torsos/torso47.png,0.473,ok,38,21,24,6.35
torso94C,torsos,reloaded,reloaded,,torsos/torso94C.png,0.477,ok,28,6,31,10.58
torso95C,torsos,reloaded,reloaded,,torsos/torso95C.png,0.477,ok,28,6,31,10.58
torso80B,torsos,reloaded,reloaded,,torsos/torso80B.png,0.481,ok,34,10,33,7.82
torso5,torsos,both,reloaded,Executioner,torsos/torso5.png,0.486,ok,34,12,33,7.48
torso71D,torsos,reloaded,reloaded,,torsos/torso71D.png,0.486,ok,40,34,19,6.34
torso60B,torsos,reloaded,reloaded,,torsos/torso60B.png,0.49,ok,38,12,27,8.58
torso20B,torsos,both,reloaded,Dactyl,torsos/torso20B.png,0.498,ok,36,19,29,5.9
torso80C,torsos,reloaded,reloaded,,torsos/torso80C.png,0.498,ok,35,15,36,5.47
torso74C,torsos,reloaded,reloaded,,torsos/torso74C.png,0.51,ok,37,15,30,7.3
torso93D,torsos,reloaded,reloaded,,torsos/torso93D.png,0.51,ok,33,9,35,9.24
torso19,torsos,both,reloaded,Gecko,torsos/torso19.png,0.514,ok,40,20,26,6.84
torso66A,torsos,reloaded,reloaded,,torsos/torso66A.png,0.516,ok,32,9,39,8.75
torso92C,torsos,reloaded,reloaded,,torsos/torso92C.png,0.517,ok,27,20,21,14.13
torsoPerk2,torsos,reloaded,reloaded,,torsos/torsoPerk2.png,0.517,ok,44,24,26,5.12
torso23,torsos,both,reloaded,Spider,torsos/torso23.png,0.519,ok,45,23,25,5.61
torso42C,torsos,both,reloaded,Galaxus Model C,torsos/torso42C.png,0.519,ok,37,23,28,6.17
torso42B,torsos,both,reloaded,Galaxus Model A,torsos/torso42B.png,0.525,ok,37,23,29,6.17
torso75C,torsos,reloaded,reloaded,,torsos/torso75C.png,0.527,ok,39,20,26,7.5
torso22,torsos,both,reloaded,Engine,torsos/torso22.png,0.529,ok,39,18,30,6.06
torso56A,torsos,both,reloaded,Diamond Shell,torsos/torso56A.png,0.545,ok,39,26,32,5.0
torso77D,torsos,reloaded,reloaded,,torsos/torso77D.png,0.558,ok,43,23,27,7.16
perk_torso2,torsos,reloaded,reloaded,,torsos/perk_torso2.png,0.562,ok,34,17,21,34.0
torso32,torsos,both,reloaded,Gladiator,torsos/torso32.png,0.566,ok,46,35,19,8.32
torso85C,torsos,reloaded,reloaded,,torsos/torso85C.png,0.566,ok,41,15,35,7.55
torso5B,torsos,both,reloaded,Fence,torsos/torso5B.png,0.572,ok,41,24,23,9.2
torso14B,torsos,both,reloaded,Blood Diamond,torsos/torso14B.png,0.578,ok,42,19,32,7.26
torso21,torsos,both,reloaded,Twin Turbine,torsos/torso21.png,0.585,ok,40,26,32,6.69
torsoPerk3,torsos,reloaded,reloaded,,torsos/torsoPerk3.png,0.589,ok,50,29,30,5.05
torso22B,torsos,both,reloaded,,torsos/torso22B.png,0.591,ok,48,30,23,7.59
torso66C,torsos,reloaded,reloaded,,torsos/torso66C.png,0.597,ok,41,15,40,7.55
torso92E,torsos,reloaded,reloaded,,torsos/torso92E.png,0.597,ok,43,28,22,10.08
torso77C,torsos,reloaded,reloaded,,torsos/torso77C.png,0.599,ok,43,23,28,8.27
torso24B,torsos,both,reloaded,Soldier,torsos/torso24B.png,0.601,ok,48,34,23,7.68
torso31,torsos,both,reloaded,HAL,torsos/torso31.png,0.601,ok,47,30,23,8.49
torso50,torsos,both,reloaded,USA Mark I,torsos/torso50.png,0.605,ok,56,41,26,5.24
torso54,torsos,legacy,legacy,,torsos/torso54.png,0.605,ok,55,42,18,8.41
torso97E,torsos,reloaded,reloaded,,torsos/torso97E.png,0.607,ok,48,38,20,9.04
torso66B,torsos,reloaded,reloaded,,torsos/torso66B.png,0.61,ok,39,14,41,8.9
torso85B,torsos,reloaded,reloaded,,torsos/torso85B.png,0.61,ok,39,14,41,8.9
torso94D,torsos,reloaded,reloaded,,torsos/torso94D.png,0.62,ok,38,13,39,10.64
torso95D,torsos,reloaded,reloaded,,torsos/torso95D.png,0.62,ok,38,13,39,10.64
torso79B,torsos,reloaded,reloaded,,torsos/torso79B.png,0.624,ok,40,22,29,9.82
torso21B,torsos,both,reloaded,,torsos/torso21B.png,0.626,ok,49,23,26,8.86
torso13B,torsos,both,reloaded,Steel Wolf,torsos/torso13B.png,0.636,ok,45,23,36,7.4
torso83E,torsos,reloaded,reloaded,,torsos/torso83E.png,0.638,ok,61,47,25,6.04
torso68B,torsos,reloaded,reloaded,,torsos/torso68B.png,0.643,ok,40,20,37,8.92
torso63B,torsos,reloaded,reloaded,,torsos/torso63B.png,0.645,ok,43,19,33,9.6
torso73C,torsos,reloaded,reloaded,,torsos/torso73C.png,0.651,ok,46,32,24,10.23
torso81D,torsos,reloaded,reloaded,,torsos/torso81D.png,0.653,ok,50,36,27,8.01
torso92D,torsos,reloaded,reloaded,,torsos/torso92D.png,0.663,ok,46,39,21,13.54
torso61B,torsos,reloaded,reloaded,,torsos/torso61B.png,0.672,ok,47,17,32,10.62
torso72C,torsos,reloaded,reloaded,,torsos/torso72C.png,0.674,ok,47,21,35,9.27
torso96E,torsos,reloaded,reloaded,,torsos/torso96E.png,0.678,ok,50,27,26,10.24
torso82E,torsos,reloaded,reloaded,,torsos/torso82E.png,0.68,ok,51,18,43,7.36
torso61C,torsos,reloaded,reloaded,,torsos/torso61C.png,0.682,ok,44,17,42,9.47
torso73D,torsos,reloaded,reloaded,,torsos/torso73D.png,0.682,ok,55,40,24,9.68
torso78E,torsos,reloaded,reloaded,,torsos/torso78E.png,0.682,ok,50,24,40,7.54
torso60D,torsos,reloaded,reloaded,,torsos/torso60D.png,0.688,ok,46,22,45,7.82
torso10B,torsos,both,reloaded,Beetle,torsos/torso10B.png,0.69,ok,49,31,27,9.86
perk_torso3,torsos,reloaded,reloaded,,torsos/perk_torso3.png,0.692,ok,43,25,25,43.0
torso93E,torsos,reloaded,reloaded,,torsos/torso93E.png,0.694,ok,47,21,37,9.56
torso98E,torsos,reloaded,reloaded,,torsos/torso98E.png,0.7,ok,57,46,22,10.74
torso62B,torsos,reloaded,reloaded,,torsos/torso62B.png,0.702,ok,46,16,42,10.39
torso72B,torsos,reloaded,reloaded,,torsos/torso72B.png,0.703,ok,47,28,27,11.11
torso99E,torsos,reloaded,reloaded,,torsos/torso99E.png,0.713,ok,57,46,23,10.74
torso37,torsos,both,reloaded,Mega Gladiator,torsos/torso37.png,0.717,ok,64,57,20,10.89
torso30,torsos,both,reloaded,Ultra Gladiator,torsos/torso30.png,0.725,ok,68,52,20,13.48
torso80D,torsos,reloaded,reloaded,,torsos/torso80D.png,0.727,ok,58,31,38,7.96
torso29A,torsos,both,reloaded,Electron Power,torsos/torso29A.png,0.731,ok,78,66,20,13.04
torso23B,torsos,both,reloaded,Threetop,torsos/torso23B.png,0.733,ok,61,39,32,8.22
torso11B,torsos,both,reloaded,Hulk,torsos/torso11B.png,0.74,ok,90,74,15,16.02
torso29B,torsos,both,reloaded,Flame Power,torsos/torso29B.png,0.742,ok,78,66,21,13.19
torso65B,torsos,reloaded,reloaded,,torsos/torso65B.png,0.748,ok,60,42,24,13.32
torso18B,torsos,both,reloaded,Vulcano,torsos/torso18B.png,0.75,ok,65,49,25,10.51
torso68C,torsos,reloaded,reloaded,,torsos/torso68C.png,0.756,ok,51,25,38,10.25
torso62C,torsos,reloaded,reloaded,,torsos/torso62C.png,0.781,ok,50,24,42,10.77
torso16,torsos,both,reloaded,Emerald,torsos/torso16.png,0.8,ok,73,55,26,13.18
torso57A,torsos,both,reloaded,,torsos/torso57A.png,0.806,ok,71,55,30,10.42
torso65C,torsos,reloaded,reloaded,,torsos/torso65C.png,0.808,ok,87,69,25,17.56
torso61D,torsos,reloaded,reloaded,,torsos/torso61D.png,0.814,ok,58,29,52,9.86
torso16B,torsos,both,reloaded,Electric Guardian,torsos/torso16B.png,0.816,ok,61,42,33,11.02
torso62D,torsos,reloaded,reloaded,,torsos/torso62D.png,0.818,ok,58,29,55,9.86
torso60E,torsos,reloaded,reloaded,,torsos/torso60E.png,0.826,ok,67,37,54,8.97
torso15B,torsos,both,reloaded,Fire Guardian,torsos/torso15B.png,0.828,ok,62,43,35,11.57
torso57B,torsos,both,reloaded,,torsos/torso57B.png,0.829,ok,74,60,31,10.86
torso74D,torsos,reloaded,reloaded,,torsos/torso74D.png,0.831,ok,69,50,32,13.15
torso94E,torsos,reloaded,reloaded,,torsos/torso94E.png,0.831,ok,58,31,42,11.8
torso95E,torsos,reloaded,reloaded,,torsos/torso95E.png,0.831,ok,58,31,42,11.8
torso15,torsos,both,reloaded,Ruby,torsos/torso15.png,0.847,ok,73,55,32,13.62
torso89D,torsos,reloaded,reloaded,,torsos/torso89D.png,0.862,ok,70,49,35,21.92
torso89E,torsos,reloaded,reloaded,,torsos/torso89E.png,0.864,ok,76,53,35,17.99
torso75D,torsos,reloaded,reloaded,,torsos/torso75D.png,0.872,ok,91,72,35,13.72
torso67D,torsos,reloaded,reloaded,,torsos/torso67D.png,0.876,ok,78,53,38,13.67
torso61E,torsos,reloaded,reloaded,,torsos/torso61E.png,0.882,ok,78,41,68,10.44
torso88,torsos,reloaded,reloaded,,torsos/torso88.png,0.884,ok,121,105,31,19.18
torso62E,torsos,reloaded,reloaded,,torsos/torso62E.png,0.905,ok,81,45,62,10.83
torso51,torsos,both,reloaded,Yoshimo X,torsos/torso51.png,0.913,ok,186,159,35,25.54
torso90D,torsos,reloaded,reloaded,,torsos/torso90D.png,0.95,ok,98,73,44,30.69
torso91E,torsos,reloaded,reloaded,,torsos/torso91E.png,0.952,ok,105,77,45,24.85
torso90E,torsos,reloaded,reloaded,,torsos/torso90E.png,0.953,ok,105,78,45,24.85
torso91D,torsos,reloaded,reloaded,,torsos/torso91D.png,0.955,ok,98,72,47,30.69
torso67E,torsos,reloaded,reloaded,,torsos/torso67E.png,0.967,ok,196,171,45,26.88
